ds,y
2000-01-03,631.7630422
2000-01-04,631.7630422
2000-01-05,631.7630422
2000-01-06,631.7630422
2000-01-07,631.7630422
2000-01-11,805.4978788
2000-01-12,805.4978788
2000-01-13,979.2327154
2000-01-14,789.7038027
2000-01-17,868.674183
2000-01-18,868.674183
2000-01-19,868.674183
2000-01-20,868.674183
2000-01-21,868.674183
2000-01-24,868.674183
2000-01-25,789.7038027
2000-01-26,789.7038027
2000-01-27,631.7630422
2000-01-28,631.7630422
2000-01-31,631.7630422
2000-02-01,631.7630422
2000-02-02,631.7630422
2000-02-03,631.7630422
2000-02-04,631.7630422
2000-02-07,631.7630422
2000-02-08,631.7630422
2000-02-09,789.7038027
2000-02-10,789.7038027
2000-02-11,789.7038027
2000-02-14,789.7038027
2000-02-15,789.7038027
2000-02-16,789.7038027
2000-02-17,789.7038027
2000-02-18,789.7038027
2000-02-21,789.7038027
2000-02-22,789.7038027
2000-02-23,789.7038027
2000-02-24,789.7038027
2000-02-25,789.7038027
2000-02-28,789.7038027
2000-02-29,789.7038027
2000-03-01,789.7038027
2000-03-02,789.7038027
2000-03-03,789.7038027
2000-03-06,789.7038027
2000-03-07,789.7038027
2000-03-08,789.7038027
2000-03-09,789.7038027
2000-03-10,789.7038027
2000-03-13,789.7038027
2000-03-14,789.7038027
2000-03-15,789.7038027
2000-03-16,789.7038027
2000-03-17,789.7038027
2000-03-21,789.7038027
2000-03-22,789.7038027
2000-03-23,789.7038027
2000-03-24,789.7038027
2000-03-27,789.7038027
2000-03-28,789.7038027
2000-03-29,789.7038027
2000-03-30,789.7038027
2000-03-31,789.7038027
2000-04-03,789.7038027
2000-04-04,789.7038027
2000-04-05,789.7038027
2000-04-06,789.7038027
2000-04-07,789.7038027
2000-04-10,789.7038027
2000-04-11,789.7038027
2000-04-12,789.7038027
2000-04-13,789.7038027
2000-04-14,789.7038027
2000-04-17,789.7038027
2000-04-18,789.7038027
2000-04-19,789.7038027
2000-04-24,789.7038027
2000-04-25,789.7038027
2000-04-26,789.7038027
2000-04-27,789.7038027
2000-04-28,789.7038027
2000-05-02,1105.585324
2000-05-03,1105.585324
2000-05-04,1105.585324
2000-05-05,1105.585324
2000-05-08,1105.585324
2000-05-09,1105.585324
2000-05-10,1105.585324
2000-05-11,1105.585324
2000-05-12,1105.585324
2000-05-15,1105.585324
2000-05-16,1105.585324
2000-05-17,1105.585324
2000-05-18,1105.585324
2000-05-19,1105.585324
2000-05-22,1105.585324
2000-05-23,1105.585324
2000-05-24,1105.585324
2000-05-25,1105.585324
2000-05-26,1105.585324
2000-05-29,1105.585324
2000-05-30,1105.585324
2000-05-31,1105.585324
2000-06-02,789.7038027
2000-06-06,789.7038027
2000-06-07,789.7038027
2000-06-08,789.7038027
2000-06-09,789.7038027
2000-06-12,789.7038027
2000-06-13,789.7038027
2000-06-14,789.7038027
2000-06-15,789.7038027
2000-06-16,789.7038027
2000-06-19,789.7038027
2000-06-20,789.7038027
2000-06-21,789.7038027
2000-06-22,789.7038027
2000-06-23,789.7038027
2000-06-27,789.7038027
2000-06-28,789.7038027
2000-06-29,789.7038027
2000-06-30,789.7038027
2000-07-07,789.7038027
2000-07-10,789.7038027
2000-07-11,789.7038027
2000-07-12,789.7038027
2000-07-13,789.7038027
2000-07-14,789.7038027
2000-07-17,789.7038027
2000-07-18,789.7038027
2000-07-19,789.7038027
2000-07-21,789.7038027
2000-07-24,789.7038027
2000-07-25,789.7038027
2000-07-26,789.7038027
2000-07-27,789.7038027
2000-07-28,789.7038027
2000-07-31,631.7630422
2000-08-01,631.7630422
2000-08-02,631.7630422
2000-08-03,631.7630422
2000-08-04,631.7630422
2000-08-08,631.7630422
2000-08-09,631.7630422
2000-08-10,631.7630422
2000-08-11,631.7630422
2000-08-14,631.7630422
2000-08-15,631.7630422
2000-08-16,631.7630422
2000-08-17,631.7630422
2000-08-18,631.7630422
2000-08-22,631.7630422
2000-08-23,631.7630422
2000-08-24,631.7630422
2000-08-25,631.7630422
2000-08-28,631.7630422
2000-08-29,631.7630422
2000-08-30,631.7630422
2000-08-31,631.7630422
2000-09-01,631.7630422
2000-09-04,631.7630422
2000-09-05,631.7630422
2000-09-06,631.7630422
2000-09-07,631.7630422
2000-09-08,631.7630422
2000-09-11,631.7630422
2000-09-12,631.7630422
2000-09-13,631.7630422
2000-09-14,631.7630422
2000-09-15,631.7630422
2000-09-18,631.7630422
2000-09-19,631.7630422
2000-09-20,631.7630422
2000-09-21,631.7630422
2000-09-22,631.7630422
2000-09-25,631.7630422
2000-09-26,631.7630422
2000-09-27,631.7630422
2000-09-28,631.7630422
2000-09-29,631.7630422
2000-10-02,631.7630422
2000-10-03,631.7630422
2000-10-04,631.7630422
2000-10-05,631.7630422
2000-10-06,631.7630422
2000-10-09,631.7630422
2000-10-10,631.7630422
2000-10-11,631.7630422
2000-10-12,631.7630422
2000-10-13,631.7630422
2000-10-17,631.7630422
2000-10-18,631.7630422
2000-10-19,631.7630422
2000-10-20,631.7630422
2000-10-23,631.7630422
2000-10-24,631.7630422
2000-10-25,631.7630422
2000-10-26,631.7630422
2000-10-27,631.7630422
2000-10-30,631.7630422
2000-10-31,631.7630422
2000-11-01,631.7630422
2000-11-02,631.7630422
2000-11-03,631.7630422
2000-11-07,631.7630422
2000-11-08,631.7630422
2000-11-09,631.7630422
2000-11-10,631.7630422
2000-11-14,631.7630422
2000-11-15,631.7630422
2000-11-16,631.7630422
2000-11-17,631.7630422
2000-11-20,631.7630422
2000-11-21,631.7630422
2000-11-22,631.7630422
2000-11-23,631.7630422
2000-11-24,631.7630422
2000-11-27,631.7630422
2000-11-28,631.7630422
2000-11-29,631.7630422
2000-11-30,631.7630422
2000-12-01,631.7630422
2000-12-04,631.7630422
2000-12-05,631.7630422
2000-12-06,631.7630422
2000-12-07,631.7630422
2000-12-11,631.7630422
2000-12-12,631.7630422
2000-12-13,631.7630422
2000-12-14,631.7630422
2000-12-15,631.7630422
2000-12-18,789.7038027
2000-12-19,789.7038027
2000-12-20,789.7038027
2000-12-21,789.7038027
2000-12-22,789.7038027
2000-12-26,789.7038027
2000-12-27,789.7038027
2000-12-28,789.7038027
2000-12-29,789.7038027
2001-01-02,590.4327497
2001-01-03,590.4327497
2001-01-04,590.4327497
2001-01-05,590.4327497
2001-01-09,590.4327497
2001-01-10,590.4327497
2001-01-11,590.4327497
2001-01-12,590.4327497
2001-01-15,590.4327497
2001-01-16,590.4327497
2001-01-17,590.4327497
2001-01-18,590.4327497
2001-01-19,590.4327497
2001-01-22,590.4327497
2001-01-23,590.4327497
2001-01-24,590.4327497
2001-01-25,590.4327497
2001-01-26,590.4327497
2001-01-29,590.4327497
2001-01-30,590.4327497
2001-01-31,590.4327497
2001-02-01,590.4327497
2001-02-02,590.4327497
2001-02-05,590.4327497
2001-02-06,590.4327497
2001-02-07,590.4327497
2001-02-08,590.4327497
2001-02-09,590.4327497
2001-02-12,590.4327497
2001-02-13,590.4327497
2001-02-14,590.4327497
2001-02-15,590.4327497
2001-02-16,590.4327497
2001-02-19,590.4327497
2001-02-20,590.4327497
2001-02-21,590.4327497
2001-02-22,590.4327497
2001-02-23,590.4327497
2001-02-26,590.4327497
2001-02-27,590.4327497
2001-02-28,590.4327497
2001-03-01,590.4327497
2001-03-02,590.4327497
2001-03-05,590.4327497
2001-03-06,590.4327497
2001-03-07,590.4327497
2001-03-08,590.4327497
2001-03-09,590.4327497
2001-03-12,590.4327497
2001-03-13,590.4327497
2001-03-14,590.4327497
2001-03-15,590.4327497
2001-03-16,590.4327497
2001-03-20,885.6491246
2001-03-21,885.6491246
2001-03-22,885.6491246
2001-03-23,885.6491246
2001-03-26,885.6491246
2001-03-27,885.6491246
2001-03-28,885.6491246
2001-03-29,885.6491246
2001-03-30,885.6491246
2001-04-02,885.6491246
2001-04-03,885.6491246
2001-04-04,885.6491246
2001-04-05,885.6491246
2001-04-06,885.6491246
2001-04-09,738.0409371
2001-04-10,738.0409371
2001-04-11,738.0409371
2001-04-16,738.0409371
2001-04-17,738.0409371
2001-04-18,738.0409371
2001-04-19,738.0409371
2001-04-20,738.0409371
2001-04-23,738.0409371
2001-04-24,738.0409371
2001-04-25,738.0409371
2001-04-26,738.0409371
2001-04-27,738.0409371
2001-04-30,738.0409371
2001-05-02,738.0409371
2001-05-03,738.0409371
2001-05-04,738.0409371
2001-05-07,738.0409371
2001-05-08,738.0409371
2001-05-09,738.0409371
2001-05-10,738.0409371
2001-05-11,738.0409371
2001-05-14,738.0409371
2001-05-15,738.0409371
2001-05-16,738.0409371
2001-05-17,738.0409371
2001-05-18,738.0409371
2001-05-21,738.0409371
2001-05-22,738.0409371
2001-05-23,738.0409371
2001-05-24,738.0409371
2001-05-25,738.0409371
2001-05-29,738.0409371
2001-05-30,738.0409371
2001-05-31,738.0409371
2001-06-01,738.0409371
2001-06-04,738.0409371
2001-06-05,738.0409371
2001-06-06,738.0409371
2001-06-07,738.0409371
2001-06-08,738.0409371
2001-06-11,738.0409371
2001-06-12,738.0409371
2001-06-13,738.0409371
2001-06-14,738.0409371
2001-06-15,738.0409371
2001-06-19,738.0409371
2001-06-20,738.0409371
2001-06-21,738.0409371
2001-06-22,738.0409371
2001-06-26,738.0409371
2001-06-27,738.0409371
2001-06-28,738.0409371
2001-06-29,738.0409371
2001-07-03,738.0409371
2001-07-04,738.0409371
2001-07-05,738.0409371
2001-07-06,738.0409371
2001-07-09,738.0409371
2001-07-10,738.0409371
2001-07-11,738.0409371
2001-07-12,738.0409371
2001-07-13,738.0409371
2001-07-16,885.6491246
2001-07-17,885.6491246
2001-07-18,885.6491246
2001-07-19,885.6491246
2001-07-23,738.0409371
2001-07-24,738.0409371
2001-07-25,738.0409371
2001-07-26,738.0409371
2001-07-27,738.0409371
2001-07-30,738.0409371
2001-07-31,738.0409371
2001-08-01,738.0409371
2001-08-02,738.0409371
2001-08-03,738.0409371
2001-08-06,885.6491246
2001-08-08,885.6491246
2001-08-09,885.6491246
2001-08-10,885.6491246
2001-08-13,1033.257312
2001-08-14,1033.257312
2001-08-15,1033.257312
2001-08-16,1033.257312
2001-08-17,1033.257312
2001-08-21,1033.257312
2001-08-22,1033.257312
2001-08-23,1033.257312
2001-08-24,1033.257312
2001-08-27,1033.257312
2001-08-28,1033.257312
2001-08-29,1033.257312
2001-08-30,1033.257312
2001-08-31,1033.257312
2001-09-03,885.6491246
2001-09-04,885.6491246
2001-09-05,885.6491246
2001-09-06,885.6491246
2001-09-07,885.6491246
2001-09-10,885.6491246
2001-09-11,885.6491246
2001-09-12,885.6491246
2001-09-13,885.6491246
2001-09-14,885.6491246
2001-09-17,885.6491246
2001-09-18,885.6491246
2001-09-19,885.6491246
2001-09-20,885.6491246
2001-09-21,885.6491246
2001-09-24,885.6491246
2001-09-25,885.6491246
2001-09-26,885.6491246
2001-09-27,885.6491246
2001-09-28,885.6491246
2001-10-01,885.6491246
2001-10-02,885.6491246
2001-10-03,885.6491246
2001-10-04,885.6491246
2001-10-05,885.6491246
2001-10-08,885.6491246
2001-10-09,885.6491246
2001-10-10,885.6491246
2001-10-11,885.6491246
2001-10-12,885.6491246
2001-10-16,885.6491246
2001-10-17,885.6491246
2001-10-18,885.6491246
2001-10-19,885.6491246
2001-10-22,885.6491246
2001-10-23,885.6491246
2001-10-24,885.6491246
2001-10-25,885.6491246
2001-10-26,885.6491246
2001-10-29,885.6491246
2001-10-30,885.6491246
2001-10-31,885.6491246
2001-11-01,885.6491246
2001-11-02,885.6491246
2001-11-06,738.0409371
2001-11-07,738.0409371
2001-11-08,738.0409371
2001-11-09,738.0409371
2001-11-13,738.0409371
2001-11-14,738.0409371
2001-11-15,738.0409371
2001-11-16,738.0409371
2001-11-19,885.6491246
2001-11-20,885.6491246
2001-11-21,885.6491246
2001-11-22,885.6491246
2001-11-23,885.6491246
2001-11-26,885.6491246
2001-11-27,885.6491246
2001-11-28,885.6491246
2001-11-29,885.6491246
2001-11-30,885.6491246
2001-12-03,885.6491246
2001-12-04,885.6491246
2001-12-05,885.6491246
2001-12-06,885.6491246
2001-12-07,885.6491246
2001-12-10,885.6491246
2001-12-11,885.6491246
2001-12-12,885.6491246
2001-12-13,885.6491246
2001-12-14,885.6491246
2001-12-17,738.0409371
2001-12-18,738.0409371
2001-12-19,738.0409371
2001-12-20,738.0409371
2001-12-21,738.0409371
2001-12-24,738.0409371
2001-12-26,885.6491246
2001-12-27,885.6491246
2001-12-28,885.6491246
2001-12-31,885.6491246
2002-01-02,827.7094622
2002-01-03,689.7578852
2002-01-04,689.7578852
2002-01-08,827.7094622
2002-01-09,827.7094622
2002-01-10,827.7094622
2002-01-11,827.7094622
2002-01-14,827.7094622
2002-01-15,689.7578852
2002-01-16,827.7094622
2002-01-17,827.7094622
2002-01-18,827.7094622
2002-01-21,827.7094622
2002-01-22,827.7094622
2002-01-23,1103.612616
2002-01-24,827.7094622
2002-01-25,758.7336737
2002-01-28,758.7336737
2002-01-29,758.7336737
2002-01-30,758.7336737
2002-01-31,758.7336737
2002-02-01,758.7336737
2002-02-04,689.7578852
2002-02-05,689.7578852
2002-02-06,689.7578852
2002-02-07,689.7578852
2002-02-08,689.7578852
2002-02-11,827.7094622
2002-02-12,827.7094622
2002-02-13,827.7094622
2002-02-14,827.7094622
2002-02-15,827.7094622
2002-02-18,827.7094622
2002-02-19,827.7094622
2002-02-20,827.7094622
2002-02-21,827.7094622
2002-02-22,827.7094622
2002-02-25,827.7094622
2002-02-26,827.7094622
2002-02-27,827.7094622
2002-02-28,827.7094622
2002-03-01,827.7094622
2002-03-04,827.7094622
2002-03-05,827.7094622
2002-03-06,827.7094622
2002-03-07,827.7094622
2002-03-08,827.7094622
2002-03-11,827.7094622
2002-03-12,827.7094622
2002-03-13,827.7094622
2002-03-14,827.7094622
2002-03-15,827.7094622
2002-03-18,827.7094622
2002-03-19,827.7094622
2002-03-20,827.7094622
2002-03-21,827.7094622
2002-03-22,827.7094622
2002-03-26,689.7578852
2002-03-27,689.7578852
2002-04-01,827.7094622
2002-04-02,827.7094622
2002-04-03,827.7094622
2002-04-04,827.7094622
2002-04-05,827.7094622
2002-04-08,827.7094622
2002-04-09,827.7094622
2002-04-10,827.7094622
2002-04-11,827.7094622
2002-04-12,827.7094622
2002-04-15,827.7094622
2002-04-16,827.7094622
2002-04-17,827.7094622
2002-04-18,827.7094622
2002-04-19,827.7094622
2002-04-22,827.7094622
2002-04-23,827.7094622
2002-04-24,827.7094622
2002-04-25,827.7094622
2002-04-26,827.7094622
2002-04-29,827.7094622
2002-04-30,827.7094622
2002-05-02,827.7094622
2002-05-03,827.7094622
2002-05-06,827.7094622
2002-05-07,827.7094622
2002-05-08,827.7094622
2002-05-09,827.7094622
2002-05-10,827.7094622
2002-05-14,827.7094622
2002-05-15,827.7094622
2002-05-16,827.7094622
2002-05-17,827.7094622
2002-05-20,827.7094622
2002-05-21,827.7094622
2002-05-22,827.7094622
2002-05-23,827.7094622
2002-05-24,827.7094622
2002-05-27,827.7094622
2002-05-28,827.7094622
2002-05-29,827.7094622
2002-05-30,827.7094622
2002-05-31,827.7094622
2002-06-04,827.7094622
2002-06-05,827.7094622
2002-06-06,827.7094622
2002-06-07,827.7094622
2002-06-11,827.7094622
2002-06-12,827.7094622
2002-06-13,827.7094622
2002-06-14,827.7094622
2002-06-17,827.7094622
2002-06-18,827.7094622
2002-06-19,827.7094622
2002-06-20,827.7094622
2002-06-21,827.7094622
2002-06-24,827.7094622
2002-06-25,827.7094622
2002-06-26,827.7094622
2002-06-27,827.7094622
2002-06-28,827.7094622
2002-07-02,827.7094622
2002-07-03,827.7094622
2002-07-04,827.7094622
2002-07-05,827.7094622
2002-07-08,827.7094622
2002-07-09,827.7094622
2002-07-10,827.7094622
2002-07-11,827.7094622
2002-07-12,827.7094622
2002-07-15,827.7094622
2002-07-16,827.7094622
2002-07-17,827.7094622
2002-07-18,827.7094622
2002-07-19,827.7094622
2002-07-22,827.7094622
2002-07-23,827.7094622
2002-07-24,827.7094622
2002-07-25,827.7094622
2002-07-26,827.7094622
2002-07-29,827.7094622
2002-07-30,827.7094622
2002-07-31,827.7094622
2002-08-01,827.7094622
2002-08-02,827.7094622
2002-08-05,827.7094622
2002-08-06,827.7094622
2002-08-08,827.7094622
2002-08-09,827.7094622
2002-08-12,827.7094622
2002-08-13,827.7094622
2002-08-14,827.7094622
2002-08-15,827.7094622
2002-08-16,827.7094622
2002-08-20,827.7094622
2002-08-21,827.7094622
2002-08-22,827.7094622
2002-08-23,827.7094622
2002-08-26,827.7094622
2002-08-27,827.7094622
2002-08-28,827.7094622
2002-08-29,827.7094622
2002-08-30,827.7094622
2002-09-02,827.7094622
2002-09-03,827.7094622
2002-09-04,827.7094622
2002-09-05,827.7094622
2002-09-06,827.7094622
2002-09-09,827.7094622
2002-09-10,827.7094622
2002-09-11,827.7094622
2002-09-12,827.7094622
2002-09-13,827.7094622
2002-09-16,827.7094622
2002-09-17,827.7094622
2002-09-18,827.7094622
2002-09-19,827.7094622
2002-09-20,827.7094622
2002-09-23,827.7094622
2002-09-24,827.7094622
2002-09-25,827.7094622
2002-09-26,827.7094622
2002-09-27,827.7094622
2002-09-30,827.7094622
2002-10-01,827.7094622
2002-10-02,827.7094622
2002-10-03,827.7094622
2002-10-04,827.7094622
2002-10-07,827.7094622
2002-10-08,827.7094622
2002-10-09,827.7094622
2002-10-10,827.7094622
2002-10-11,827.7094622
2002-10-15,827.7094622
2002-10-16,827.7094622
2002-10-17,827.7094622
2002-10-18,827.7094622
2002-10-21,827.7094622
2002-10-22,827.7094622
2002-10-23,827.7094622
2002-10-24,827.7094622
2002-10-25,827.7094622
2002-10-28,827.7094622
2002-10-29,827.7094622
2002-10-30,827.7094622
2002-10-31,827.7094622
2002-11-01,827.7094622
2002-11-05,827.7094622
2002-11-06,827.7094622
2002-11-07,827.7094622
2002-11-08,827.7094622
2002-11-12,827.7094622
2002-11-13,827.7094622
2002-11-14,827.7094622
2002-11-15,827.7094622
2002-11-18,827.7094622
2002-11-19,827.7094622
2002-11-20,827.7094622
2002-11-21,827.7094622
2002-11-22,827.7094622
2002-11-25,827.7094622
2002-11-26,827.7094622
2002-11-27,827.7094622
2002-11-28,827.7094622
2002-11-29,827.7094622
2002-12-02,827.7094622
2002-12-03,827.7094622
2002-12-04,827.7094622
2002-12-05,827.7094622
2002-12-06,827.7094622
2002-12-09,827.7094622
2002-12-10,827.7094622
2002-12-11,827.7094622
2002-12-12,827.7094622
2002-12-13,827.7094622
2002-12-16,827.7094622
2002-12-17,827.7094622
2002-12-18,827.7094622
2002-12-19,827.7094622
2002-12-20,827.7094622
2002-12-23,827.7094622
2002-12-24,827.7094622
2002-12-26,827.7094622
2002-12-27,827.7094622
2002-12-30,827.7094622
2002-12-31,827.7094622
2003-01-02,773.5602451
2003-01-03,773.5602451
2003-01-07,773.5602451
2003-01-08,773.5602451
2003-01-09,773.5602451
2003-01-10,773.5602451
2003-01-11,773.5602451
2003-01-13,773.5602451
2003-01-14,773.5602451
2003-01-15,773.5602451
2003-01-16,773.5602451
2003-01-17,773.5602451
2003-01-20,773.5602451
2003-01-21,773.5602451
2003-01-22,773.5602451
2003-01-23,773.5602451
2003-01-24,773.5602451
2003-01-27,773.5602451
2003-01-28,773.5602451
2003-01-29,773.5602451
2003-01-30,773.5602451
2003-01-31,773.5602451
2003-02-03,773.5602451
2003-02-04,773.5602451
2003-02-05,773.5602451
2003-02-06,773.5602451
2003-02-07,773.5602451
2003-02-10,773.5602451
2003-02-11,773.5602451
2003-02-12,773.5602451
2003-02-13,773.5602451
2003-02-14,773.5602451
2003-02-17,773.5602451
2003-02-18,773.5602451
2003-02-19,773.5602451
2003-02-20,773.5602451
2003-02-21,773.5602451
2003-02-24,773.5602451
2003-02-25,773.5602451
2003-02-26,773.5602451
2003-02-27,773.5602451
2003-02-28,773.5602451
2003-03-03,773.5602451
2003-03-04,773.5602451
2003-03-05,773.5602451
2003-03-06,773.5602451
2003-03-07,773.5602451
2003-03-10,773.5602451
2003-03-11,773.5602451
2003-03-12,773.5602451
2003-03-13,773.5602451
2003-03-14,773.5602451
2003-03-17,773.5602451
2003-03-18,773.5602451
2003-03-19,773.5602451
2003-03-20,773.5602451
2003-03-21,773.5602451
2003-03-25,773.5602451
2003-03-26,773.5602451
2003-03-27,773.5602451
2003-03-28,773.5602451
2003-03-31,773.5602451
2003-04-01,773.5602451
2003-04-02,773.5602451
2003-04-03,773.5602451
2003-04-04,773.5602451
2003-04-07,773.5602451
2003-04-08,773.5602451
2003-04-09,773.5602451
2003-04-10,773.5602451
2003-04-11,773.5602451
2003-04-14,773.5602451
2003-04-15,773.5602451
2003-04-16,773.5602451
2003-04-21,773.5602451
2003-04-22,773.5602451
2003-04-23,773.5602451
2003-04-24,773.5602451
2003-04-25,773.5602451
2003-04-28,773.5602451
2003-04-29,773.5602451
2003-04-30,773.5602451
2003-05-02,773.5602451
2003-05-05,773.5602451
2003-05-06,773.5602451
2003-05-07,773.5602451
2003-05-08,773.5602451
2003-05-09,773.5602451
2004-01-02,722.9535001
2004-01-05,722.9535001
2004-01-06,722.9535001
2004-01-07,722.9535001
2004-01-08,722.9535001
2004-01-09,722.9535001
2004-01-13,722.9535001
2004-01-14,662.7073751
2004-01-15,626.5597
2004-01-16,626.5597
2004-01-19,843.4457501
2004-01-20,843.4457501
2004-01-21,722.9535001
2004-01-22,722.9535001
2004-01-23,722.9535001
2004-01-26,722.9535001
2004-01-27,843.4457501
2004-01-28,843.4457501
2004-01-29,843.4457501
2004-01-30,843.4457501
2004-02-02,843.4457501
2004-02-03,843.4457501
2004-02-04,843.4457501
2004-02-05,843.4457501
2004-02-06,843.4457501
2004-02-09,843.4457501
2004-02-10,843.4457501
2004-02-11,843.4457501
2004-02-12,843.4457501
2004-02-13,843.4457501
2004-02-16,843.4457501
2004-02-17,843.4457501
2004-02-18,843.4457501
2004-02-19,843.4457501
2004-02-20,843.4457501
2004-02-23,843.4457501
2004-02-24,843.4457501
2004-02-25,843.4457501
2004-02-26,843.4457501
2004-02-27,843.4457501
2004-03-01,722.9535001
2004-03-02,722.9535001
2004-03-03,722.9535001
2004-03-04,722.9535001
2004-03-05,722.9535001
2004-03-08,722.9535001
2004-03-09,722.9535001
2004-03-10,722.9535001
2004-03-11,722.9535001
2004-03-12,722.9535001
2004-03-15,722.9535001
2004-03-16,722.9535001
2004-03-17,722.9535001
2004-03-18,722.9535001
2004-03-19,722.9535001
2004-03-23,722.9535001
2004-03-24,722.9535001
2004-03-25,722.9535001
2004-03-26,722.9535001
2004-03-29,722.9535001
2004-03-30,722.9535001
2004-03-31,722.9535001
2004-04-01,722.9535001
2004-04-02,722.9535001
2004-04-05,722.9535001
2004-04-06,722.9535001
2004-04-07,722.9535001
2004-04-12,722.9535001
2004-04-13,722.9535001
2004-04-14,722.9535001
2004-04-15,722.9535001
2004-04-16,722.9535001
2004-04-19,843.4457501
2004-04-20,843.4457501
2004-04-21,843.4457501
2004-04-22,843.4457501
2004-04-23,843.4457501
2004-04-26,722.9535001
2004-04-27,722.9535001
2004-04-28,722.9535001
2004-04-29,722.9535001
2004-04-30,722.9535001
2004-05-03,722.9535001
2004-05-04,722.9535001
2004-05-05,722.9535001
2004-05-06,722.9535001
2004-05-07,722.9535001
2004-05-10,722.9535001
2004-05-11,722.9535001
2004-05-12,722.9535001
2004-05-13,722.9535001
2004-05-14,722.9535001
2004-05-17,722.9535001
2004-05-18,722.9535001
2004-05-19,722.9535001
2004-05-20,722.9535001
2004-05-21,722.9535001
2004-05-25,722.9535001
2004-05-26,722.9535001
2004-05-27,722.9535001
2004-05-28,722.9535001
2004-05-31,722.9535001
2004-06-01,722.9535001
2004-06-02,722.9535001
2004-06-03,722.9535001
2004-06-04,722.9535001
2004-06-07,722.9535001
2004-06-08,722.9535001
2004-06-09,722.9535001
2004-06-10,722.9535001
2004-06-11,722.9535001
2004-06-15,722.9535001
2004-06-16,722.9535001
2004-06-17,722.9535001
2004-06-18,722.9535001
2004-06-22,722.9535001
2004-06-23,722.9535001
2004-06-24,722.9535001
2004-06-25,722.9535001
2004-06-28,722.9535001
2004-06-29,722.9535001
2004-06-30,722.9535001
2004-07-01,722.9535001
2004-07-02,722.9535001
2004-07-06,722.9535001
2004-07-07,722.9535001
2004-07-08,722.9535001
2004-07-09,722.9535001
2004-07-12,722.9535001
2004-07-13,722.9535001
2004-07-14,722.9535001
2004-07-15,722.9535001
2004-07-16,722.9535001
2004-07-19,722.9535001
2004-07-21,722.9535001
2004-07-22,722.9535001
2004-07-23,722.9535001
2004-07-26,843.4457501
2004-07-27,843.4457501
2004-07-28,843.4457501
2004-07-29,843.4457501
2004-07-30,843.4457501
2004-08-02,843.4457501
2004-08-03,843.4457501
2004-08-04,843.4457501
2004-08-05,843.4457501
2004-08-06,843.4457501
2004-08-09,843.4457501
2004-08-10,843.4457501
2004-08-11,843.4457501
2004-08-12,722.9535001
2004-08-13,722.9535001
2004-08-17,843.4457501
2004-08-18,843.4457501
2004-08-19,843.4457501
2004-08-20,843.4457501
2004-08-23,843.4457501
2004-08-24,843.4457501
2004-08-25,843.4457501
2004-08-26,843.4457501
2004-08-27,843.4457501
2004-08-30,843.4457501
2004-08-31,843.4457501
2004-09-01,843.4457501
2004-09-02,843.4457501
2004-09-03,843.4457501
2004-09-06,843.4457501
2004-09-07,843.4457501
2004-09-08,843.4457501
2004-09-09,843.4457501
2004-09-10,843.4457501
2004-09-13,722.9535001
2004-09-14,722.9535001
2004-09-15,722.9535001
2004-09-16,722.9535001
2004-09-17,722.9535001
2004-09-20,722.9535001
2004-09-21,722.9535001
2004-09-22,722.9535001
2004-09-23,722.9535001
2004-09-24,722.9535001
2004-09-27,843.4457501
2004-09-28,843.4457501
2004-09-29,843.4457501
2004-09-30,843.4457501
2004-10-01,843.4457501
2004-10-04,843.4457501
2004-10-05,843.4457501
2004-10-06,843.4457501
2004-10-07,843.4457501
2004-10-08,843.4457501
2004-10-11,843.4457501
2004-10-12,843.4457501
2004-10-13,843.4457501
2004-10-14,843.4457501
2004-10-15,843.4457501
2004-10-19,843.4457501
2004-10-20,843.4457501
2004-10-21,843.4457501
2004-10-22,843.4457501
2004-10-25,843.4457501
2004-10-26,843.4457501
2004-10-27,843.4457501
2004-10-28,843.4457501
2004-10-29,843.4457501
2004-11-02,843.4457501
2004-11-03,843.4457501
2004-11-04,843.4457501
2004-11-05,843.4457501
2004-11-08,722.9535001
2004-11-09,722.9535001
2004-11-10,722.9535001
2004-11-11,722.9535001
2004-11-12,722.9535001
2004-11-16,722.9535001
2004-11-17,722.9535001
2004-11-18,722.9535001
2004-11-19,722.9535001
2004-11-22,843.4457501
2004-11-23,843.4457501
2004-11-24,843.4457501
2004-11-25,843.4457501
2004-11-26,843.4457501
2004-11-29,843.4457501
2004-11-30,843.4457501
2004-12-01,843.4457501
2004-12-02,843.4457501
2004-12-03,843.4457501
2004-12-06,722.9535001
2004-12-07,722.9535001
2004-12-09,722.9535001
2004-12-10,722.9535001
2004-12-13,722.9535001
2004-12-14,722.9535001
2004-12-15,722.9535001
2004-12-16,722.9535001
2004-12-17,722.9535001
2004-12-20,722.9535001
2004-12-21,722.9535001
2004-12-22,722.9535001
2004-12-23,722.9535001
2004-12-24,722.9535001
2004-12-27,722.9535001
2004-12-28,722.9535001
2004-12-29,722.9535001
2004-12-30,722.9535001
2004-12-31,722.9535001
2005-11-18,788.2670561
2005-11-21,788.2670561
2005-11-22,788.2670561
2005-11-23,788.2670561
2005-11-24,788.2670561
2005-11-25,788.2670561
2005-11-28,788.2670561
2005-11-29,788.2670561
2005-11-30,788.2670561
2005-12-01,788.2670561
2005-12-02,788.2670561
2005-12-05,675.6574767
2005-12-06,675.6574767
2005-12-07,675.6574767
2005-12-09,675.6574767
2005-12-12,675.6574767
2005-12-13,675.6574767
2005-12-15,675.6574767
2005-12-16,675.6574767
2005-12-19,675.6574767
2005-12-20,675.6574767
2005-12-21,675.6574767
2005-12-22,675.6574767
2005-12-23,675.6574767
2005-12-26,675.6574767
2005-12-27,675.6574767
2005-12-28,675.6574767
2005-12-29,675.6574767
2005-12-30,675.6574767
2006-01-02,631.4555857
2006-01-03,631.4555857
2006-01-04,631.4555857
2006-01-05,631.4555857
2006-01-06,631.4555857
2006-01-11,631.4555857
2006-01-12,631.4555857
2006-01-13,631.4555857
2006-01-16,631.4555857
2006-01-17,631.4555857
2006-01-18,631.4555857
2006-01-19,631.4555857
2006-01-20,631.4555857
2006-01-23,631.4555857
2006-01-24,631.4555857
2006-01-25,631.4555857
2006-01-26,631.4555857
2006-01-27,631.4555857
2006-01-30,631.4555857
2006-01-31,631.4555857
2006-02-01,631.4555857
2006-02-02,631.4555857
2006-02-03,631.4555857
2006-02-06,631.4555857
2006-02-07,631.4555857
2006-02-08,631.4555857
2006-02-09,631.4555857
2006-02-10,631.4555857
2006-02-13,631.4555857
2006-02-14,631.4555857
2006-02-15,631.4555857
2006-02-16,631.4555857
2006-02-17,631.4555857
2006-02-20,841.9407809
2006-02-21,841.9407809
2006-02-22,841.9407809
2006-02-23,841.9407809
2006-02-24,841.9407809
2006-02-27,841.9407809
2006-02-28,841.9407809
2006-03-01,841.9407809
2006-03-02,841.9407809
2006-03-03,841.9407809
2006-03-06,841.9407809
2006-03-07,841.9407809
2006-03-08,841.9407809
2006-03-09,841.9407809
2006-03-10,841.9407809
2006-03-13,841.9407809
2006-03-14,841.9407809
2006-03-15,841.9407809
2006-03-16,841.9407809
2006-03-17,841.9407809
2006-03-21,841.9407809
2006-03-22,841.9407809
2006-03-23,841.9407809
2006-03-24,841.9407809
2006-03-27,947.1833785
2006-03-28,947.1833785
2006-03-29,947.1833785
2006-03-30,947.1833785
2006-03-31,947.1833785
2006-04-03,947.1833785
2006-04-04,947.1833785
2006-04-05,947.1833785
2006-04-06,947.1833785
2006-04-07,947.1833785
2006-04-10,947.1833785
2006-04-11,947.1833785
2006-04-12,947.1833785
2006-04-17,841.9407809
2006-04-18,841.9407809
2006-04-19,841.9407809
2006-04-20,841.9407809
2006-04-21,841.9407809
2006-04-24,841.9407809
2006-04-25,841.9407809
2006-04-26,841.9407809
2006-04-27,841.9407809
2006-04-28,841.9407809
2006-05-02,841.9407809
2006-05-03,841.9407809
2006-05-04,841.9407809
2006-05-05,841.9407809
2006-05-08,841.9407809
2006-05-09,841.9407809
2006-05-10,841.9407809
2006-05-11,841.9407809
2006-05-12,841.9407809
2006-05-15,841.9407809
2006-05-16,841.9407809
2006-05-17,841.9407809
2006-05-18,841.9407809
2006-05-19,841.9407809
2006-05-22,841.9407809
2006-05-23,841.9407809
2006-05-24,841.9407809
2006-05-25,841.9407809
2006-05-26,841.9407809
2006-05-30,841.9407809
2006-05-31,841.9407809
2006-06-01,841.9407809
2006-06-02,841.9407809
2006-06-05,841.9407809
2006-06-06,841.9407809
2006-06-07,841.9407809
2006-06-08,841.9407809
2006-06-09,841.9407809
2006-06-12,841.9407809
2006-06-13,841.9407809
2006-06-14,841.9407809
2006-06-15,841.9407809
2006-06-16,841.9407809
2006-06-20,841.9407809
2006-06-21,841.9407809
2006-06-22,841.9407809
2006-06-23,841.9407809
2006-06-27,841.9407809
2006-06-28,841.9407809
2006-06-29,841.9407809
2006-06-30,841.9407809
2006-07-04,841.9407809
2006-07-05,841.9407809
2006-07-06,841.9407809
2006-07-07,841.9407809
2006-07-10,841.9407809
2006-07-11,841.9407809
2006-07-12,841.9407809
2006-07-13,841.9407809
2006-07-14,841.9407809
2006-07-17,841.9407809
2006-07-18,841.9407809
2006-07-19,841.9407809
2006-07-21,841.9407809
2006-07-24,841.9407809
2006-07-25,841.9407809
2006-07-26,841.9407809
2006-07-27,841.9407809
2006-07-28,841.9407809
2006-07-31,736.6981833
2006-08-01,736.6981833
2006-08-02,736.6981833
2006-08-03,736.6981833
2006-08-04,736.6981833
2006-08-08,841.9407809
2006-08-09,841.9407809
2006-08-10,841.9407809
2006-08-11,841.9407809
2006-08-14,841.9407809
2006-08-15,841.9407809
2006-08-16,841.9407809
2006-08-17,841.9407809
2006-08-18,841.9407809
2006-08-22,841.9407809
2006-08-23,841.9407809
2006-08-24,841.9407809
2006-08-25,841.9407809
2006-08-28,841.9407809
2006-08-29,841.9407809
2006-08-30,841.9407809
2006-08-31,841.9407809
2006-09-01,841.9407809
2006-09-04,841.9407809
2006-09-05,841.9407809
2006-09-06,841.9407809
2006-09-07,841.9407809
2006-09-08,841.9407809
2006-09-11,841.9407809
2006-09-12,841.9407809
2006-09-13,841.9407809
2006-09-14,841.9407809
2006-09-15,841.9407809
2006-09-18,841.9407809
2006-09-19,841.9407809
2006-09-20,841.9407809
2006-09-21,841.9407809
2006-09-22,841.9407809
2006-09-25,841.9407809
2006-09-26,841.9407809
2006-09-27,841.9407809
2006-09-28,841.9407809
2006-09-29,841.9407809
2006-10-02,841.9407809
2006-10-03,841.9407809
2006-10-04,841.9407809
2006-10-05,841.9407809
2006-10-06,841.9407809
2006-10-09,841.9407809
2006-10-10,841.9407809
2006-10-11,841.9407809
2006-10-12,841.9407809
2006-10-13,841.9407809
2006-10-17,841.9407809
2006-10-18,841.9407809
2006-10-19,841.9407809
2006-10-20,841.9407809
2006-10-23,841.9407809
2006-10-24,841.9407809
2006-10-25,841.9407809
2006-10-26,841.9407809
2006-10-27,841.9407809
2006-10-30,841.9407809
2006-10-31,841.9407809
2006-11-01,841.9407809
2006-11-02,841.9407809
2006-11-03,841.9407809
2006-11-07,841.9407809
2006-11-08,841.9407809
2006-11-09,841.9407809
2006-11-10,841.9407809
2006-11-14,841.9407809
2006-11-15,841.9407809
2006-11-16,841.9407809
2006-11-17,841.9407809
2006-11-20,841.9407809
2006-11-21,841.9407809
2006-11-22,841.9407809
2006-11-23,841.9407809
2006-11-24,841.9407809
2006-11-27,841.9407809
2006-11-28,841.9407809
2006-11-29,841.9407809
2006-11-30,841.9407809
2006-12-01,841.9407809
2006-12-04,841.9407809
2006-12-05,841.9407809
2006-12-06,841.9407809
2006-12-07,841.9407809
2006-12-11,841.9407809
2006-12-13,841.9407809
2006-12-14,841.9407809
2006-12-15,841.9407809
2006-12-18,841.9407809
2006-12-19,841.9407809
2006-12-20,841.9407809
2006-12-21,841.9407809
2006-12-22,841.9407809
2006-12-26,841.9407809
2006-12-27,841.9407809
2006-12-28,841.9407809
2006-12-29,841.9407809
2007-01-02,786.8605429
2007-01-03,786.8605429
2007-01-04,786.8605429
2007-01-05,786.8605429
2007-01-09,885.2181108
2007-01-10,885.2181108
2007-01-11,885.2181108
2007-01-12,885.2181108
2007-01-15,885.2181108
2007-01-16,885.2181108
2007-01-17,885.2181108
2007-01-18,885.2181108
2007-01-19,885.2181108
2007-01-22,885.2181108
2007-01-23,885.2181108
2007-01-24,885.2181108
2007-01-25,885.2181108
2007-01-26,885.2181108
2007-01-29,688.5029751
2007-01-30,688.5029751
2007-01-31,688.5029751
2007-02-01,688.5029751
2007-02-02,688.5029751
2007-02-05,885.2181108
2007-02-06,885.2181108
2007-02-07,885.2181108
2007-02-08,885.2181108
2007-02-09,885.2181108
2007-02-12,983.5756786
2007-02-13,983.5756786
2007-02-14,983.5756786
2007-02-15,983.5756786
2007-02-16,983.5756786
2007-02-19,983.5756786
2007-02-20,983.5756786
2007-02-21,983.5756786
2007-02-22,983.5756786
2007-02-23,983.5756786
2007-02-26,983.5756786
2007-02-27,983.5756786
2007-02-28,983.5756786
2007-03-01,983.5756786
2007-03-02,983.5756786
2007-03-05,885.2181108
2007-03-06,885.2181108
2007-03-07,885.2181108
2007-03-08,885.2181108
2007-03-09,885.2181108
2007-03-12,885.2181108
2007-03-13,885.2181108
2007-03-14,885.2181108
2007-03-15,885.2181108
2007-03-16,885.2181108
2007-03-20,885.2181108
2007-03-21,885.2181108
2007-03-22,885.2181108
2007-03-23,885.2181108
2007-03-26,786.8605429
2007-03-27,786.8605429
2007-03-28,786.8605429
2007-03-29,786.8605429
2007-03-30,786.8605429
2007-04-02,786.8605429
2007-04-03,786.8605429
2007-04-09,885.2181108
2007-04-10,885.2181108
2007-04-11,885.2181108
2007-04-12,885.2181108
2007-04-13,885.2181108
2007-04-16,983.5756786
2007-04-17,983.5756786
2007-04-18,983.5756786
2007-04-19,983.5756786
2007-04-20,885.2181108
2007-04-23,983.5756786
2007-04-24,983.5756786
2007-04-25,983.5756786
2007-04-26,983.5756786
2007-04-27,983.5756786
2007-04-30,983.5756786
2007-05-02,983.5756786
2007-05-03,983.5756786
2007-05-04,983.5756786
2007-05-07,983.5756786
2007-05-08,983.5756786
2007-05-09,983.5756786
2007-05-10,983.5756786
2007-05-11,983.5756786
2007-05-14,983.5756786
2007-05-15,983.5756786
2007-05-16,983.5756786
2007-05-17,983.5756786
2007-05-18,983.5756786
2007-05-22,786.8605429
2007-05-23,786.8605429
2007-05-24,786.8605429
2007-05-25,786.8605429
2007-05-28,786.8605429
2007-05-29,786.8605429
2007-05-30,786.8605429
2007-05-31,786.8605429
2007-06-01,786.8605429
2007-06-04,1081.933247
2007-06-05,1081.933247
2007-06-06,1081.933247
2007-06-07,1081.933247
2007-06-08,1081.933247
2007-06-12,983.5756786
2007-06-13,983.5756786
2007-06-14,983.5756786
2007-06-15,983.5756786
2007-06-19,983.5756786
2007-06-20,983.5756786
2007-06-21,983.5756786
2007-06-22,983.5756786
2007-06-25,983.5756786
2007-06-26,983.5756786
2007-06-27,983.5756786
2007-06-28,983.5756786
2007-06-29,983.5756786
2007-07-03,983.5756786
2007-07-04,983.5756786
2007-07-05,983.5756786
2007-07-06,983.5756786
2007-07-09,983.5756786
2007-07-10,983.5756786
2007-07-11,983.5756786
2007-07-12,983.5756786
2007-07-13,983.5756786
2007-07-16,983.5756786
2007-07-17,983.5756786
2007-07-18,983.5756786
2007-07-19,983.5756786
2007-07-23,983.5756786
2007-07-24,983.5756786
2007-07-25,983.5756786
2007-07-26,983.5756786
2007-07-27,983.5756786
2007-07-30,1081.933247
2007-07-31,1081.933247
2007-08-01,1081.933247
2007-08-02,1081.933247
2007-08-03,1081.933247
2007-08-06,1081.933247
2007-08-08,1081.933247
2007-08-09,1081.933247
2007-08-10,1081.933247
2007-08-13,1180.290814
2007-08-14,1180.290814
2007-08-15,1180.290814
2007-08-16,1180.290814
2007-08-17,1180.290814
2007-08-21,1180.290814
2007-08-22,1180.290814
2007-08-23,1180.290814
2007-08-24,1180.290814
2007-08-27,1180.290814
2007-08-28,1180.290814
2007-08-29,1180.290814
2007-08-30,1180.290814
2007-08-31,1180.290814
2007-09-03,1081.933247
2007-09-04,1081.933247
2007-09-05,1081.933247
2007-09-06,1081.933247
2007-09-07,1081.933247
2007-09-10,1081.933247
2007-09-11,1081.933247
2007-09-12,1081.933247
2007-09-13,1081.933247
2007-09-14,1081.933247
2007-09-17,885.2181108
2007-09-18,885.2181108
2007-09-19,885.2181108
2007-09-20,885.2181108
2007-09-21,885.2181108
2007-09-24,983.5756786
2007-09-25,983.5756786
2007-09-26,983.5756786
2007-09-27,983.5756786
2007-09-28,983.5756786
2007-10-01,983.5756786
2007-10-02,983.5756786
2007-10-03,983.5756786
2007-10-04,983.5756786
2007-10-05,983.5756786
2007-10-08,983.5756786
2007-10-09,983.5756786
2007-10-10,983.5756786
2007-10-11,983.5756786
2007-10-12,983.5756786
2007-10-16,983.5756786
2007-10-17,983.5756786
2007-10-18,983.5756786
2007-10-19,983.5756786
2007-10-22,983.5756786
2007-10-23,983.5756786
2007-10-24,983.5756786
2007-10-25,983.5756786
2007-10-26,983.5756786
2007-10-29,983.5756786
2007-10-30,983.5756786
2007-10-31,983.5756786
2007-11-01,983.5756786
2007-11-02,983.5756786
2007-11-06,983.5756786
2007-11-07,983.5756786
2007-11-08,983.5756786
2007-11-09,983.5756786
2007-11-13,983.5756786
2007-11-14,983.5756786
2007-11-15,983.5756786
2007-11-16,983.5756786
2007-11-19,983.5756786
2007-11-20,983.5756786
2007-11-21,983.5756786
2007-11-22,983.5756786
2007-11-23,983.5756786
2007-11-26,983.5756786
2007-11-27,983.5756786
2007-11-28,983.5756786
2007-11-29,983.5756786
2007-11-30,983.5756786
2007-12-03,983.5756786
2007-12-04,983.5756786
2007-12-05,983.5756786
2007-12-06,983.5756786
2007-12-07,983.5756786
2007-12-10,983.5756786
2007-12-11,983.5756786
2007-12-12,983.5756786
2007-12-14,983.5756786
2007-12-17,983.5756786
2007-12-18,983.5756786
2007-12-19,983.5756786
2007-12-20,983.5756786
2007-12-21,983.5756786
2007-12-24,983.5756786
2007-12-26,983.5756786
2007-12-27,983.5756786
2007-12-28,983.5756786
2007-12-31,1180.290814
2008-01-02,1103.075527
2008-01-03,1103.075527
2008-01-04,1103.075527
2008-01-08,1103.075527
2008-01-09,1103.075527
2008-01-10,1103.075527
2008-01-11,1103.075527
2008-01-14,1103.075527
2008-01-15,1103.075527
2008-01-16,1103.075527
2008-01-17,1103.075527
2008-01-18,1103.075527
2008-01-21,1103.075527
2008-01-23,1103.075527
2008-01-24,1103.075527
2008-01-25,1103.075527
2008-01-28,1103.075527
2008-01-29,1103.075527
2008-01-30,1103.075527
2008-01-31,1103.075527
2008-02-01,1103.075527
2008-02-04,1103.075527
2008-02-05,1103.075527
2008-02-06,1103.075527
2008-02-07,1103.075527
2008-02-08,1103.075527
2008-02-11,1103.075527
2008-02-12,1194.998488
2008-02-13,1194.998488
2008-02-14,1194.998488
2008-02-15,1194.998488
2008-02-18,1194.998488
2008-02-19,1194.998488
2008-02-20,1194.998488
2008-02-21,1194.998488
2008-02-22,1194.998488
2008-02-25,1194.998488
2008-02-26,1194.998488
2008-02-27,1194.998488
2008-02-28,1194.998488
2008-02-29,1194.998488
2008-03-03,1194.998488
2008-03-04,1194.998488
2008-03-05,1194.998488
2008-03-06,1194.998488
2008-03-07,1194.998488
2008-03-10,1194.998488
2008-03-11,1194.998488
2008-03-12,1194.998488
2008-03-13,1194.998488
2008-03-14,1194.998488
2008-03-17,1194.998488
2008-03-18,1194.998488
2008-03-19,1194.998488
2008-03-25,1194.998488
2008-03-26,1194.998488
2008-03-27,1194.998488
2008-03-31,1194.998488
2008-04-01,1194.998488
2008-04-02,1194.998488
2008-04-03,1194.998488
2008-04-04,1194.998488
2008-04-07,1194.998488
2008-04-08,1194.998488
2008-04-09,1194.998488
2008-04-10,1194.998488
2008-04-11,1194.998488
2008-04-14,1103.075527
2008-04-15,1103.075527
2008-04-16,1103.075527
2008-04-17,1103.075527
2008-04-18,1103.075527
2008-04-21,1103.075527
2008-04-22,1103.075527
2008-04-23,1103.075527
2008-04-24,1103.075527
2008-04-25,1103.075527
2008-04-28,1103.075527
2008-04-29,1103.075527
2008-04-30,1103.075527
2008-05-02,1103.075527
2008-05-06,1103.075527
2008-05-07,1103.075527
2008-05-08,1103.075527
2008-05-09,1103.075527
2008-05-12,1103.075527
2008-05-13,1103.075527
2008-05-14,1103.075527
2008-05-15,1103.075527
2008-05-16,1103.075527
2008-05-19,1011.152567
2008-05-20,1011.152567
2008-05-21,1011.152567
2008-05-22,1011.152567
2008-05-23,1011.152567
2008-05-27,1011.152567
2008-05-28,1011.152567
2008-05-29,1011.152567
2008-05-30,1011.152567
2008-06-03,1011.152567
2008-06-04,1011.152567
2008-06-05,1011.152567
2008-06-06,1011.152567
2008-06-09,1011.152567
2008-06-10,1011.152567
2008-06-11,1011.152567
2008-06-12,1011.152567
2008-06-13,1011.152567
2008-06-16,1011.152567
2008-06-17,1011.152567
2008-06-18,1011.152567
2008-06-19,1011.152567
2008-06-20,1011.152567
2008-06-23,1011.152567
2008-06-24,1011.152567
2008-06-25,1011.152567
2008-06-26,1011.152567
2008-06-27,1011.152567
2008-07-01,1011.152567
2008-07-02,1011.152567
2008-07-03,1011.152567
2008-07-04,1011.152567
2008-07-07,1103.075527
2008-07-08,1011.152567
2009-08-18,1116.821017
2009-08-19,1116.821017
2009-08-20,1116.821017
2009-08-21,1116.821017
2009-08-24,1116.821017
2009-08-25,1116.821017
2009-08-28,1116.821017
2009-08-31,1116.821017
2009-09-01,1116.821017
2009-09-02,1116.821017
2009-09-03,1116.821017
2009-09-04,1116.821017
2009-09-07,1116.821017
2009-09-08,1116.821017
2009-09-09,1116.821017
2009-09-10,1116.821017
2009-09-11,1116.821017
2009-09-14,1116.821017
2009-09-15,1116.821017
2009-09-16,1116.821017
2009-09-17,1116.821017
2009-09-18,1116.821017
2009-09-21,1030.911708
2009-09-22,1030.911708
2009-09-23,1030.911708
2009-09-24,1030.911708
2009-09-25,1030.911708
2009-09-28,1030.911708
2009-09-29,1030.911708
2009-09-30,1030.911708
2009-10-01,1030.911708
2009-10-02,1030.911708
2009-10-05,1030.911708
2009-10-06,1030.911708
2009-10-07,1030.911708
2009-10-08,1030.911708
2009-10-09,1030.911708
2009-10-13,1030.911708
2009-10-14,1030.911708
2009-10-15,1030.911708
2009-10-16,1030.911708
2009-10-19,1030.911708
2009-10-20,1030.911708
2009-10-21,1030.911708
2009-10-22,1030.911708
2009-10-23,1030.911708
2009-10-26,1030.911708
2009-10-28,1030.911708
2009-10-29,1030.911708
2009-10-30,1030.911708
2009-11-03,1030.911708
2009-11-04,1030.911708
2009-11-05,1030.911708
2009-11-06,1030.911708
2009-11-09,1030.911708
2009-11-10,1030.911708
2009-11-11,1030.911708
2009-11-12,1030.911708
2009-11-13,1030.911708
2009-11-17,1030.911708
2009-11-18,1030.911708
2009-11-19,1030.911708
2009-11-20,1030.911708
2009-11-23,1030.911708
2009-11-24,1030.911708
2009-11-25,1030.911708
2009-11-26,1030.911708
2009-11-27,1030.911708
2009-11-30,1030.911708
2009-12-01,1030.911708
2009-12-02,1030.911708
2009-12-03,1030.911708
2009-12-04,1030.911708
2009-12-07,1030.911708
2009-12-09,1030.911708
2009-12-10,1030.911708
2009-12-11,1030.911708
2009-12-14,1030.911708
2009-12-16,1030.911708
2009-12-17,1030.911708
2009-12-18,1030.911708
2009-12-21,1030.911708
2009-12-22,1030.911708
2009-12-23,1030.911708
2009-12-24,1030.911708
2009-12-28,1030.911708
2009-12-29,1030.911708
2009-12-30,1030.911708
2009-12-31,1030.911708
2010-01-04,963.4688859
2010-01-05,963.4688859
2010-01-06,963.4688859
2010-01-07,963.4688859
2010-01-08,963.4688859
2010-01-12,963.4688859
2010-01-13,963.4688859
2010-01-14,963.4688859
2010-01-15,963.4688859
2010-01-18,963.4688859
2010-01-19,963.4688859
2010-01-20,963.4688859
2010-01-21,963.4688859
2010-01-22,963.4688859
2010-01-25,963.4688859
2010-01-26,963.4688859
2010-01-27,963.4688859
2010-01-28,963.4688859
2010-01-29,963.4688859
2010-02-01,963.4688859
2010-02-02,963.4688859
2010-02-03,963.4688859
2010-02-04,963.4688859
2010-02-05,963.4688859
2010-02-08,963.4688859
2010-02-09,963.4688859
2010-02-10,963.4688859
2010-02-11,963.4688859
2010-02-12,963.4688859
2010-02-15,883.1798121
2010-02-16,883.1798121
2010-02-17,883.1798121
2010-02-18,883.1798121
2010-02-19,883.1798121
2010-02-22,883.1798121
2010-02-23,963.4688859
2010-02-24,963.4688859
2010-02-25,963.4688859
2010-02-26,963.4688859
2010-03-01,963.4688859
2010-03-03,963.4688859
2010-03-04,963.4688859
2010-03-05,963.4688859
2010-03-08,963.4688859
2010-03-09,963.4688859
2010-03-10,963.4688859
2010-03-11,963.4688859
2010-03-12,963.4688859
2010-03-15,963.4688859
2010-03-16,963.4688859
2010-03-17,963.4688859
2010-03-18,963.4688859
2010-03-19,963.4688859
2010-03-23,963.4688859
2010-03-24,963.4688859
2010-03-25,963.4688859
2010-03-29,963.4688859
2010-03-30,963.4688859
2010-03-31,963.4688859
2010-04-05,963.4688859
2010-04-06,963.4688859
2010-04-07,963.4688859
2010-04-08,963.4688859
2010-04-09,963.4688859
2010-04-12,963.4688859
2010-04-13,963.4688859
2010-04-14,963.4688859
2010-04-15,963.4688859
2010-04-16,963.4688859
2010-04-19,963.4688859
2010-04-20,963.4688859
2010-04-21,963.4688859
2010-04-22,963.4688859
2010-04-23,963.4688859
2010-04-26,963.4688859
2010-04-27,963.4688859
2010-04-28,963.4688859
2010-04-29,963.4688859
2010-04-30,963.4688859
2010-05-03,883.1798121
2010-05-04,883.1798121
2010-05-05,883.1798121
2010-05-06,883.1798121
2010-05-07,883.1798121
2010-05-10,963.4688859
2010-05-11,963.4688859
2010-05-12,963.4688859
2010-05-13,963.4688859
2010-05-14,963.4688859
2010-05-18,963.4688859
2010-05-19,963.4688859
2010-05-20,963.4688859
2010-05-21,963.4688859
2010-05-24,963.4688859
2010-05-25,963.4688859
2010-05-26,963.4688859
2010-05-28,963.4688859
2010-05-31,883.1798121
2010-06-01,883.1798121
2010-06-02,883.1798121
2010-06-03,883.1798121
2010-06-04,883.1798121
2010-06-08,883.1798121
2010-06-09,883.1798121
2010-06-10,883.1798121
2010-06-11,883.1798121
2010-06-15,963.4688859
2010-06-16,963.4688859
2010-06-17,963.4688859
2010-06-18,963.4688859
2010-06-21,963.4688859
2010-06-22,963.4688859
2010-06-23,963.4688859
2010-06-24,963.4688859
2010-06-25,963.4688859
2010-06-28,963.4688859
2010-06-29,963.4688859
2010-06-30,963.4688859
2010-07-01,963.4688859
2010-07-02,963.4688859
2010-07-06,963.4688859
2010-07-07,963.4688859
2010-07-08,963.4688859
2010-07-09,963.4688859
2010-07-13,963.4688859
2010-07-14,963.4688859
2010-07-15,963.4688859
2010-07-16,963.4688859
2010-07-19,963.4688859
2010-07-21,963.4688859
2010-07-22,963.4688859
2010-07-23,963.4688859
2010-07-26,963.4688859
2010-07-27,963.4688859
2010-07-28,963.4688859
2010-07-29,963.4688859
2010-07-30,963.4688859
2010-08-02,963.4688859
2010-08-03,963.4688859
2010-08-04,963.4688859
2010-08-05,963.4688859
2010-08-09,963.4688859
2010-08-10,963.4688859
2010-08-11,963.4688859
2010-08-12,963.4688859
2010-08-13,963.4688859
2010-08-17,963.4688859
2010-08-18,963.4688859
2010-08-19,963.4688859
2010-08-20,963.4688859
2010-08-23,963.4688859
2010-08-24,963.4688859
2010-08-25,963.4688859
2010-08-26,963.4688859
2010-08-27,963.4688859
2010-08-30,963.4688859
2010-08-31,963.4688859
2010-09-01,963.4688859
2010-09-02,963.4688859
2010-09-03,963.4688859
2010-09-06,963.4688859
2010-09-07,963.4688859
2010-09-08,963.4688859
2010-09-09,963.4688859
2010-09-10,963.4688859
2010-09-13,963.4688859
2010-09-14,963.4688859
2010-09-15,963.4688859
2010-09-16,963.4688859
2010-09-17,963.4688859
2010-09-21,963.4688859
2010-09-22,963.4688859
2010-09-23,963.4688859
2010-09-24,963.4688859
2010-09-27,963.4688859
2010-09-28,963.4688859
2010-09-29,963.4688859
2010-09-30,963.4688859
2010-10-01,963.4688859
2010-10-04,963.4688859
2010-10-05,963.4688859
2010-10-07,963.4688859
2010-10-08,963.4688859
2010-10-11,963.4688859
2010-10-12,963.4688859
2010-10-13,963.4688859
2010-10-14,963.4688859
2010-10-15,963.4688859
2010-10-19,963.4688859
2010-10-20,963.4688859
2010-10-21,963.4688859
2010-10-22,963.4688859
2010-10-25,963.4688859
2010-10-26,963.4688859
2010-10-27,963.4688859
2010-10-28,963.4688859
2010-10-29,963.4688859
2010-11-02,963.4688859
2010-11-03,963.4688859
2010-11-04,963.4688859
2010-11-05,963.4688859
2010-11-08,963.4688859
2010-11-09,963.4688859
2010-11-10,963.4688859
2010-11-11,963.4688859
2010-11-12,963.4688859
2010-11-16,963.4688859
2010-11-17,963.4688859
2010-11-18,963.4688859
2010-11-19,963.4688859
2010-11-22,963.4688859
2010-11-23,963.4688859
2010-11-24,963.4688859
2010-11-25,963.4688859
2010-11-26,963.4688859
2010-11-29,963.4688859
2010-11-30,963.4688859
2010-12-01,963.4688859
2010-12-02,963.4688859
2010-12-03,963.4688859
2010-12-06,963.4688859
2010-12-07,963.4688859
2010-12-09,963.4688859
2010-12-10,963.4688859
2010-12-13,963.4688859
2010-12-14,963.4688859
2010-12-15,963.4688859
2010-12-16,963.4688859
2010-12-17,963.4688859
2010-12-20,963.4688859
2010-12-21,963.4688859
2010-12-22,963.4688859
2010-12-24,963.4688859
2010-12-27,963.4688859
2010-12-28,963.4688859
2010-12-29,963.4688859
2010-12-30,963.4688859
2010-12-31,963.4688859
2011-01-03,900.4382111
2011-01-04,900.4382111
2011-01-05,900.4382111
2011-01-06,900.4382111
2011-01-07,900.4382111
2011-01-11,900.4382111
2011-01-12,900.4382111
2011-01-13,900.4382111
2011-01-14,900.4382111
2011-01-17,900.4382111
2011-01-18,900.4382111
2011-01-19,900.4382111
2011-01-20,900.4382111
2011-01-21,900.4382111
2011-01-24,900.4382111
2011-01-25,900.4382111
2011-01-26,900.4382111
2011-01-27,900.4382111
2011-01-28,900.4382111
2011-01-31,900.4382111
2011-02-01,900.4382111
2011-02-02,900.4382111
2011-02-03,900.4382111
2011-02-04,900.4382111
2011-02-07,900.4382111
2011-02-08,900.4382111
2011-02-09,900.4382111
2011-02-10,900.4382111
2011-02-11,900.4382111
2011-02-14,900.4382111
2011-02-16,900.4382111
2011-02-17,900.4382111
2011-02-18,900.4382111
2011-02-21,900.4382111
2011-02-22,900.4382111
2011-02-23,900.4382111
2011-02-24,900.4382111
2011-02-25,900.4382111
2011-02-28,900.4382111
2011-03-01,900.4382111
2011-03-02,900.4382111
2011-03-03,900.4382111
2011-03-04,900.4382111
2011-03-07,900.4382111
2011-03-08,900.4382111
2011-03-09,900.4382111
2011-03-10,900.4382111
2011-03-11,900.4382111
2011-03-14,900.4382111
2011-03-15,900.4382111
2011-03-16,900.4382111
2011-03-17,900.4382111
2011-03-18,900.4382111
2011-03-22,900.4382111
2011-03-23,900.4382111
2011-03-24,900.4382111
2011-03-25,900.4382111
2011-03-29,900.4382111
2011-03-30,900.4382111
2011-04-01,900.4382111
2011-04-04,900.4382111
2011-04-05,900.4382111
2011-04-06,900.4382111
2011-04-07,900.4382111
2011-04-08,900.4382111
2011-04-11,900.4382111
2011-04-12,900.4382111
2011-04-13,900.4382111
2011-04-14,900.4382111
2011-04-15,900.4382111
2011-04-18,900.4382111
2011-04-19,900.4382111
2011-04-20,900.4382111
2011-04-25,900.4382111
2011-04-27,900.4382111
2011-04-28,900.4382111
2011-04-29,900.4382111
2011-05-02,900.4382111
2011-05-03,900.4382111
2011-05-04,900.4382111
2011-05-06,900.4382111
2011-05-09,900.4382111
2011-05-10,900.4382111
2011-05-11,900.4382111
2011-05-12,900.4382111
2011-05-13,900.4382111
2011-05-16,900.4382111
2011-05-17,900.4382111
2011-05-18,900.4382111
2011-05-19,900.4382111
2011-05-20,900.4382111
2011-05-23,900.4382111
2011-05-24,900.4382111
2011-05-25,900.4382111
2011-05-26,900.4382111
2011-05-27,900.4382111
2011-05-30,900.4382111
2011-05-31,900.4382111
2011-06-01,900.4382111
2011-06-02,900.4382111
2011-06-03,900.4382111
2011-06-07,900.4382111
2011-06-08,900.4382111
2011-06-09,900.4382111
2011-06-10,900.4382111
2011-06-13,900.4382111
2011-06-14,900.4382111
2011-06-15,900.4382111
2011-06-16,900.4382111
2011-06-17,900.4382111
2011-06-20,900.4382111
2011-06-21,900.4382111
2011-06-22,900.4382111
2011-06-23,900.4382111
2011-06-24,900.4382111
2011-06-28,900.4382111
2011-06-29,900.4382111
2011-06-30,900.4382111
2011-07-05,900.4382111
2011-07-06,900.4382111
2011-07-07,900.4382111
2011-07-08,900.4382111
2011-07-11,900.4382111
2011-07-12,900.4382111
2011-07-13,900.4382111
2011-07-14,900.4382111
2011-07-15,900.4382111
2011-07-18,1125.547764
2011-07-19,1125.547764
2011-07-21,1125.547764
2011-07-22,1125.547764
2011-07-25,1050.511246
2011-07-26,1050.511246
2011-07-27,1050.511246
2011-07-28,1050.511246
2011-07-29,1050.511246
2011-08-01,1050.511246
2011-08-02,1050.511246
2011-08-03,1050.511246
2011-08-04,1050.511246
2011-08-05,1050.511246
2011-08-08,975.4747287
2011-08-09,975.4747287
2011-08-10,975.4747287
2011-08-11,975.4747287
2011-08-12,975.4747287
2011-08-16,975.4747287
2011-08-17,975.4747287
2011-08-18,975.4747287
2011-08-19,975.4747287
2011-08-22,900.4382111
2011-08-23,900.4382111
2011-08-24,900.4382111
2011-08-25,900.4382111
2011-08-26,900.4382111
2011-08-29,900.4382111
2011-08-30,900.4382111
2011-08-31,900.4382111
2011-09-01,900.4382111
2011-09-02,900.4382111
2011-09-05,900.4382111
2011-09-06,900.4382111
2011-09-07,900.4382111
2011-09-08,900.4382111
2011-09-09,900.4382111
2011-09-12,900.4382111
2011-09-13,900.4382111
2011-09-14,900.4382111
2011-09-15,900.4382111
2011-09-16,900.4382111
2011-09-19,900.4382111
2011-09-20,900.4382111
2011-09-21,900.4382111
2011-09-22,900.4382111
2011-09-23,900.4382111
2011-09-26,900.4382111
2011-09-27,900.4382111
2011-09-28,900.4382111
2011-09-29,900.4382111
2011-09-30,900.4382111
2011-10-03,900.4382111
2011-10-04,900.4382111
2011-10-05,900.4382111
2011-10-06,900.4382111
2011-10-07,900.4382111
2011-10-10,900.4382111
2011-10-11,900.4382111
2011-10-12,900.4382111
2011-10-13,900.4382111
2011-10-14,900.4382111
2011-10-18,900.4382111
2011-10-19,900.4382111
2011-10-20,900.4382111
2011-10-21,900.4382111
2011-10-24,900.4382111
2011-10-25,900.4382111
2011-10-26,900.4382111
2011-10-28,900.4382111
2011-10-31,900.4382111
2011-11-01,900.4382111
2011-11-03,900.4382111
2011-11-04,900.4382111
2011-11-08,900.4382111
2011-11-09,900.4382111
2011-11-10,900.4382111
2011-11-11,900.4382111
2011-11-15,900.4382111
2011-11-16,900.4382111
2011-11-17,900.4382111
2011-11-18,900.4382111
2011-11-21,900.4382111
2011-11-22,900.4382111
2011-11-23,900.4382111
2011-11-24,900.4382111
2011-11-25,900.4382111
2011-11-28,900.4382111
2011-11-29,900.4382111
2011-11-30,900.4382111
2011-12-01,900.4382111
2011-12-02,900.4382111
2011-12-05,900.4382111
2011-12-06,900.4382111
2011-12-07,900.4382111
2011-12-09,900.4382111
2011-12-12,900.4382111
2011-12-13,900.4382111
2011-12-20,900.4382111
2011-12-21,900.4382111
2011-12-22,900.4382111
2011-12-23,900.4382111
2011-12-26,900.4382111
2011-12-27,900.4382111
2011-12-28,900.4382111
2011-12-29,900.4382111
2011-12-30,900.4382111
2012-01-02,841.5310384
2012-01-04,841.5310384
2012-01-05,841.5310384
2012-01-10,841.5310384
2012-01-11,841.5310384
2012-01-12,841.5310384
2012-01-13,841.5310384
2012-01-16,841.5310384
2012-01-17,841.5310384
2012-01-18,841.5310384
2012-01-19,841.5310384
2012-01-20,841.5310384
2012-01-23,841.5310384
2012-01-24,841.5310384
2012-01-25,841.5310384
2012-01-26,841.5310384
2012-01-27,841.5310384
2012-01-30,841.5310384
2012-01-31,841.5310384
2012-02-01,841.5310384
2012-02-02,841.5310384
2012-02-03,841.5310384
2012-02-06,841.5310384
2012-02-07,841.5310384
2012-02-08,841.5310384
2012-02-09,841.5310384
2012-02-10,841.5310384
2012-02-13,841.5310384
2012-02-14,841.5310384
2012-02-15,841.5310384
2012-02-16,841.5310384
2012-02-17,841.5310384
2012-02-20,841.5310384
2012-02-21,841.5310384
2012-02-22,841.5310384
2012-02-23,841.5310384
2012-02-24,841.5310384
2012-02-27,911.658625
2012-02-28,911.658625
2012-02-29,911.658625
2012-03-01,911.658625
2012-03-02,911.658625
2012-03-05,911.658625
2012-03-06,911.658625
2012-03-07,911.658625
2012-03-08,911.658625
2012-03-09,911.658625
2012-03-13,911.658625
2012-03-14,911.658625
2012-03-15,911.658625
2012-03-16,911.658625
2012-03-28,911.658625
2012-03-29,911.658625
2012-04-02,911.658625
2012-04-03,911.658625
2012-04-04,911.658625
2012-04-09,911.658625
2012-04-10,911.658625
2012-04-11,911.658625
2012-04-12,911.658625
2012-04-13,911.658625
2012-04-16,911.658625
2012-04-17,911.658625
2012-04-18,911.658625
2012-04-19,911.658625
2012-04-20,911.658625
2012-04-23,911.658625
2012-04-24,911.658625
2012-04-25,911.658625
2012-04-26,911.658625
2012-04-27,911.658625
2012-04-30,911.658625
2012-05-02,911.658625
2012-05-03,911.658625
2012-05-04,911.658625
2012-05-07,911.658625
2012-05-08,911.658625
2012-05-09,911.658625
2012-05-10,911.658625
2012-05-11,911.658625
2012-05-14,841.5310384
2012-05-16,841.5310384
2012-05-17,841.5310384
2012-05-18,841.5310384
2012-05-22,841.5310384
2012-05-23,841.5310384
2012-05-24,841.5310384
2012-05-25,841.5310384
2012-05-28,841.5310384
2012-05-29,841.5310384
2012-05-30,841.5310384
2012-06-01,841.5310384
2012-06-04,841.5310384
2012-06-05,841.5310384
2012-06-06,841.5310384
2012-06-07,841.5310384
2012-06-08,841.5310384
2012-06-12,841.5310384
2012-06-13,841.5310384
2012-06-14,841.5310384
2012-06-15,841.5310384
2012-06-19,841.5310384
2012-06-20,841.5310384
2012-06-21,841.5310384
2012-06-22,841.5310384
2012-06-25,841.5310384
2012-06-26,841.5310384
2012-06-27,841.5310384
2012-06-28,841.5310384
2012-06-29,841.5310384
2012-07-03,841.5310384
2012-07-04,841.5310384
2012-07-05,841.5310384
2012-07-06,841.5310384
2012-07-09,841.5310384
2012-07-10,841.5310384
2012-07-11,841.5310384
2012-07-12,841.5310384
2012-07-13,841.5310384
2012-07-16,841.5310384
2012-07-17,841.5310384
2012-07-18,841.5310384
2012-07-19,841.5310384
2012-07-23,841.5310384
2012-07-24,841.5310384
2012-07-25,841.5310384
2012-07-26,841.5310384
2012-07-30,841.5310384
2012-07-31,841.5310384
2012-08-01,841.5310384
2012-08-02,841.5310384
2012-08-03,841.5310384
2012-08-06,1051.913798
2012-08-08,1051.913798
2012-08-09,1051.913798
2012-08-10,1051.913798
2012-08-13,1051.913798
2012-08-14,1051.913798
2012-08-15,1051.913798
2012-08-16,1051.913798
2012-08-17,1051.913798
2012-08-21,1051.913798
2012-08-22,1051.913798
2012-08-23,1051.913798
2012-08-24,1051.913798
2012-08-27,1051.913798
2012-08-28,1051.913798
2012-08-29,1051.913798
2012-08-30,1051.913798
2012-08-31,1051.913798
2012-09-03,1051.913798
2012-09-04,1051.913798
2012-09-05,1051.913798
2012-09-06,1051.913798
2012-09-07,1051.913798
2012-09-10,1051.913798
2012-09-11,1051.913798
2012-09-12,1051.913798
2012-09-13,1051.913798
2012-09-14,1051.913798
2012-09-17,1051.913798
2012-09-18,981.7862115
2012-09-19,981.7862115
2012-09-20,981.7862115
2012-09-21,981.7862115
2012-09-24,981.7862115
2012-09-25,981.7862115
2012-09-26,981.7862115
2012-09-27,981.7862115
2012-09-28,981.7862115
2012-10-01,981.7862115
2012-10-02,981.7862115
2012-10-03,981.7862115
2012-10-04,981.7862115
2012-10-05,981.7862115
2012-10-08,911.658625
2012-10-09,911.658625
2012-10-10,911.658625
2012-10-11,911.658625
2012-10-12,911.658625
2012-10-16,911.658625
2012-10-17,911.658625
2012-10-18,911.658625
2012-10-19,911.658625
2012-10-22,911.658625
2012-10-23,911.658625
2012-10-24,911.658625
2012-10-25,911.658625
2012-10-26,911.658625
2012-10-29,911.658625
2012-10-30,911.658625
2012-10-31,911.658625
2012-11-01,911.658625
2012-11-02,911.658625
2012-11-06,911.658625
2012-11-07,911.658625
2012-11-08,911.658625
2012-11-09,911.658625
2012-11-13,911.658625
2012-11-14,911.658625
2012-11-15,911.658625
2012-11-16,911.658625
2012-11-19,911.658625
2012-11-20,911.658625
2012-11-21,911.658625
2012-11-22,911.658625
2012-11-23,911.658625
2012-11-26,911.658625
2012-11-27,911.658625
2012-11-28,911.658625
2012-11-29,911.658625
2012-11-30,911.658625
2012-12-03,911.658625
2012-12-04,911.658625
2012-12-05,911.658625
2012-12-06,911.658625
2012-12-07,911.658625
2012-12-10,911.658625
2012-12-11,911.658625
2012-12-12,911.658625
2012-12-13,911.658625
2012-12-17,911.658625
2012-12-18,911.658625
2012-12-19,911.658625
2012-12-20,911.658625
2012-12-21,911.658625
2012-12-24,911.658625
2012-12-26,911.658625
2012-12-27,911.658625
2012-12-28,911.658625
2012-12-31,911.658625
2013-01-02,852.0174065
2013-01-03,852.0174065
2013-01-04,852.0174065
2013-01-08,852.0174065
2013-01-09,852.0174065
2013-01-10,852.0174065
2013-01-11,852.0174065
2013-01-14,852.0174065
2013-01-15,852.0174065
2013-01-16,852.0174065
2013-01-17,852.0174065
2013-01-18,852.0174065
2013-01-21,852.0174065
2013-01-22,852.0174065
2013-01-23,852.0174065
2013-01-24,852.0174065
2013-01-25,852.0174065
2013-01-28,983.0970075
2013-01-29,983.0970075
2013-01-30,983.0970075
2013-01-31,983.0970075
2013-02-01,983.0970075
2013-02-04,983.0970075
2013-02-05,983.0970075
2013-02-06,983.0970075
2013-02-07,983.0970075
2013-02-08,917.557207
2013-02-11,917.557207
2013-02-12,917.557207
2013-02-13,917.557207
2013-02-14,917.557207
2013-02-15,917.557207
2013-02-18,917.557207
2013-02-19,917.557207
2013-02-20,917.557207
2013-02-21,917.557207
2013-02-22,917.557207
2013-02-25,917.557207
2013-02-26,917.557207
2013-02-27,917.557207
2013-02-28,917.557207
2013-03-01,917.557207
2013-03-04,852.0174065
2013-03-05,852.0174065
2013-03-06,852.0174065
2013-03-07,852.0174065
2013-03-08,852.0174065
2013-03-11,917.557207
2013-03-12,917.557207
2013-03-13,917.557207
2013-03-14,917.557207
2013-03-15,917.557207
2013-03-20,917.557207
2013-03-21,917.557207
2013-03-22,917.557207
2013-03-26,917.557207
2013-03-27,917.557207
2013-04-01,852.0174065
2013-04-02,852.0174065
2013-04-03,852.0174065
2013-04-04,852.0174065
2013-04-05,852.0174065
2013-04-08,852.0174065
2013-04-09,852.0174065
2013-04-10,852.0174065
2013-04-11,852.0174065
2013-04-12,852.0174065
2013-04-15,852.0174065
2013-04-16,852.0174065
2013-04-17,852.0174065
2013-04-18,852.0174065
2013-04-19,852.0174065
2013-04-22,852.0174065
2013-04-23,852.0174065
2013-04-24,852.0174065
2013-04-25,852.0174065
2013-04-26,852.0174065
2013-04-29,852.0174065
2013-04-30,852.0174065
2013-05-02,852.0174065
2013-05-03,852.0174065
2013-05-06,852.0174065
2013-05-07,852.0174065
2013-05-08,852.0174065
2013-05-09,852.0174065
2013-05-10,852.0174065
2013-05-14,852.0174065
2013-05-15,852.0174065
2013-05-16,852.0174065
2013-05-17,852.0174065
2013-05-20,852.0174065
2013-05-21,852.0174065
2013-05-22,852.0174065
2013-05-23,852.0174065
2013-05-24,852.0174065
2013-05-27,852.0174065
2013-05-28,852.0174065
2013-05-29,852.0174065
2013-05-30,852.0174065
2013-05-31,852.0174065
2013-06-04,852.0174065
2013-06-05,852.0174065
2013-06-06,852.0174065
2013-06-07,852.0174065
2013-06-11,852.0174065
2013-06-12,852.0174065
2013-06-13,852.0174065
2013-06-14,852.0174065
2013-06-17,852.0174065
2013-06-18,852.0174065
2013-06-19,852.0174065
2013-06-20,852.0174065
2013-06-21,852.0174065
2013-06-24,852.0174065
2013-06-25,852.0174065
2013-06-26,852.0174065
2013-06-27,852.0174065
2013-06-28,852.0174065
2013-07-02,852.0174065
2013-07-03,852.0174065
2013-07-04,852.0174065
2013-07-05,852.0174065
2013-07-08,852.0174065
2013-07-09,852.0174065
2013-07-10,852.0174065
2013-07-11,852.0174065
2013-07-12,852.0174065
2013-07-15,917.557207
2013-07-16,917.557207
2013-07-17,917.557207
2013-07-18,917.557207
2013-07-19,917.557207
2013-07-22,917.557207
2013-07-23,917.557207
2013-07-24,917.557207
2013-07-25,917.557207
2013-07-26,917.557207
2013-07-29,917.557207
2013-07-30,917.557207
2013-07-31,917.557207
2013-08-01,917.557207
2013-08-02,917.557207
2013-08-05,917.557207
2013-08-06,917.557207
2013-08-08,917.557207
2013-08-09,917.557207
2013-08-12,852.0174065
2013-08-13,852.0174065
2013-08-14,852.0174065
2013-08-15,852.0174065
2013-08-16,852.0174065
2013-08-20,852.0174065
2013-08-21,852.0174065
2013-08-22,852.0174065
2013-08-23,852.0174065
2013-08-26,852.0174065
2013-08-27,852.0174065
2013-08-28,852.0174065
2013-08-29,852.0174065
2013-08-30,852.0174065
2013-09-02,917.557207
2013-09-03,917.557207
2013-09-04,917.557207
2013-09-05,917.557207
2013-09-06,917.557207
2013-09-09,917.557207
2013-09-10,917.557207
2013-09-11,917.557207
2013-09-12,917.557207
2013-09-13,917.557207
2013-09-16,852.0174065
2013-09-17,852.0174065
2013-09-18,852.0174065
2013-09-19,852.0174065
2013-09-20,852.0174065
2013-09-23,852.0174065
2013-09-24,852.0174065
2013-09-25,852.0174065
2013-09-26,852.0174065
2013-09-27,852.0174065
2013-10-01,852.0174065
2013-10-02,852.0174065
2013-10-03,852.0174065
2013-10-04,852.0174065
2013-10-07,852.0174065
2013-10-08,852.0174065
2013-10-09,852.0174065
2013-10-10,852.0174065
2013-10-11,852.0174065
2013-10-15,852.0174065
2013-10-16,852.0174065
2013-10-17,852.0174065
2013-10-18,852.0174065
2013-10-21,852.0174065
2013-10-22,852.0174065
2013-10-23,852.0174065
2013-10-24,852.0174065
2013-10-25,852.0174065
2013-10-28,852.0174065
2013-10-29,852.0174065
2013-10-30,852.0174065
2013-10-31,852.0174065
2013-11-01,852.0174065
2013-11-05,852.0174065
2013-11-06,852.0174065
2013-11-07,852.0174065
2013-11-08,852.0174065
2013-11-12,852.0174065
2013-11-13,852.0174065
2013-11-14,852.0174065
2013-11-15,852.0174065
2013-11-18,852.0174065
2013-11-19,852.0174065
2013-11-20,852.0174065
2013-11-21,852.0174065
2013-11-22,852.0174065
2013-11-25,852.0174065
2013-11-26,852.0174065
2013-11-27,852.0174065
2013-11-28,852.0174065
2013-11-29,852.0174065
2013-12-02,852.0174065
2013-12-03,852.0174065
2013-12-04,852.0174065
2013-12-05,852.0174065
2013-12-06,852.0174065
2013-12-09,852.0174065
2013-12-10,852.0174065
2013-12-11,852.0174065
2013-12-12,852.0174065
2013-12-13,852.0174065
2013-12-16,852.0174065
2013-12-17,917.557207
2013-12-18,917.557207
2013-12-19,917.557207
2013-12-20,917.557207
2013-12-23,852.0174065
2013-12-24,852.0174065
2013-12-26,852.0174065
2013-12-27,852.0174065
2013-12-30,852.0174065
2013-12-31,852.0174065
2014-01-02,796.27795
2014-01-03,796.27795
2014-01-07,796.27795
2014-01-08,796.27795
2014-01-09,796.27795
2014-01-10,796.27795
2014-01-13,857.5301
2014-01-14,857.5301
2014-01-15,857.5301
2014-01-16,857.5301
2014-01-17,857.5301
2014-01-20,857.5301
2014-01-21,857.5301
2014-01-22,857.5301
2014-01-23,857.5301
2014-01-24,857.5301
2014-01-27,857.5301
2014-01-29,673.77365
2014-01-30,673.77365
2014-01-31,673.77365
2014-02-03,673.77365
2014-02-04,673.77365
2014-02-05,673.77365
2014-02-06,673.77365
2014-02-07,673.77365
2014-02-10,673.77365
2014-02-11,673.77365
2014-02-12,673.77365
2014-02-13,673.77365
2014-02-14,673.77365
2014-02-17,673.77365
2014-02-18,673.77365
2014-02-19,673.77365
2014-02-20,673.77365
2014-02-21,673.77365
2014-02-24,673.77365
2014-02-25,673.77365
2014-02-26,673.77365
2014-02-27,673.77365
2014-02-28,673.77365
2014-03-03,673.77365
2014-03-04,673.77365
2014-03-05,673.77365
2014-03-06,673.77365
2014-03-07,673.77365
2014-03-10,673.77365
2014-03-11,673.77365
2014-03-12,673.77365
2014-03-13,673.77365
2014-03-14,673.77365
2014-03-17,673.77365
2014-03-18,673.77365
2014-03-19,673.77365
2014-03-20,673.77365
2014-03-21,673.77365
2014-03-25,673.77365
2014-03-26,673.77365
2014-03-27,673.77365
2014-03-28,673.77365
2014-03-31,673.77365
2014-04-01,673.77365
2014-04-02,673.77365
2014-04-03,673.77365
2014-04-04,673.77365
2014-04-07,673.77365
2014-04-08,673.77365
2014-04-09,673.77365
2014-04-10,673.77365
2014-04-11,673.77365
2014-04-14,673.77365
2014-04-15,673.77365
2014-04-16,673.77365
2014-04-21,673.77365
2014-04-22,673.77365
2014-04-23,673.77365
2014-04-24,673.77365
2014-04-25,673.77365
2014-04-28,673.77365
2014-04-29,673.77365
2014-04-30,673.77365
2014-05-02,673.77365
2014-05-05,673.77365
2014-05-06,673.77365
2014-05-07,673.77365
2014-05-08,673.77365
2014-05-09,673.77365
2014-05-12,673.77365
2014-05-13,673.77365
2014-05-14,673.77365
2014-05-15,673.77365
2014-05-16,673.77365
2014-05-19,673.77365
2014-05-20,673.77365
2014-05-21,673.77365
2014-05-22,673.77365
2014-05-23,673.77365
2014-05-26,673.77365
2014-05-27,673.77365
2014-05-28,673.77365
2014-05-29,673.77365
2014-05-30,673.77365
2014-06-03,673.77365
2014-06-04,673.77365
2014-06-05,673.77365
2014-06-06,673.77365
2014-06-09,673.77365
2014-06-10,673.77365
2014-06-11,673.77365
2014-06-12,673.77365
2014-06-13,673.77365
2014-06-16,673.77365
2014-06-17,673.77365
2014-06-18,673.77365
2014-06-19,673.77365
2014-06-20,673.77365
2014-06-24,673.77365
2014-06-25,673.77365
2014-06-26,673.77365
2014-06-27,673.77365
2014-07-01,673.77365
2014-07-02,673.77365
2014-07-03,673.77365
2014-07-04,673.77365
2014-07-07,673.77365
2014-07-08,673.77365
2014-07-09,673.77365
2014-07-10,673.77365
2014-07-11,673.77365
2014-07-14,673.77365
2014-07-15,673.77365
2014-07-16,673.77365
2014-07-17,673.77365
2014-07-18,673.77365
2014-07-21,673.77365
2014-07-22,673.77365
2014-07-23,673.77365
2014-07-24,673.77365
2014-07-25,673.77365
2014-07-28,857.5301
2014-07-29,857.5301
2014-07-30,857.5301
2014-07-31,857.5301
2014-08-01,857.5301
2014-08-04,857.5301
2014-08-05,857.5301
2014-08-06,857.5301
2014-08-08,857.5301
2014-08-11,857.5301
2014-08-12,857.5301
2014-08-13,857.5301
2014-08-14,857.5301
2014-08-15,857.5301
2014-08-19,857.5301
2014-08-20,857.5301
2014-08-21,857.5301
2014-08-22,857.5301
2014-08-25,857.5301
2014-08-26,857.5301
2014-08-27,857.5301
2014-08-28,857.5301
2014-08-29,857.5301
2014-09-01,857.5301
2014-09-02,857.5301
2014-09-03,857.5301
2014-09-04,857.5301
2014-09-05,796.27795
2014-09-08,796.27795
2014-09-09,796.27795
2014-09-10,796.27795
2014-09-11,796.27795
2014-09-12,796.27795
2014-09-15,796.27795
2014-09-16,796.27795
2014-09-17,796.27795
2014-09-18,796.27795
2014-09-19,796.27795
2014-09-22,796.27795
2014-09-23,796.27795
2014-09-24,796.27795
2014-09-25,796.27795
2014-09-26,796.27795
2014-09-29,980.0344
2014-09-30,980.0344
2014-10-01,980.0344
2014-10-02,980.0344
2014-10-03,980.0344
2014-10-06,1225.043
2014-10-07,1225.043
2014-10-08,1225.043
2014-10-09,1225.043
2014-10-10,1225.043
2014-10-14,1225.043
2014-10-15,1225.043
2014-10-16,1225.043
2014-10-17,1225.043
2014-10-20,1225.043
2014-10-21,1225.043
2014-10-22,1225.043
2014-10-23,1225.043
2014-10-24,1225.043
2014-10-27,1225.043
2014-10-28,1225.043
2014-10-29,1225.043
2014-10-30,1225.043
2014-10-31,1225.043
2014-11-04,980.0344
2014-11-05,980.0344
2014-11-06,980.0344
2014-11-07,980.0344
2014-11-10,980.0344
2014-11-11,980.0344
2014-11-12,980.0344
2014-11-13,980.0344
2014-11-14,980.0344
2014-11-18,980.0344
2014-11-19,980.0344
2014-11-20,980.0344
2014-11-21,980.0344
2014-11-24,980.0344
2014-11-25,980.0344
2014-11-26,980.0344
2014-11-27,980.0344
2014-11-28,980.0344
2014-12-01,918.78225
2014-12-02,918.78225
2014-12-03,918.78225
2014-12-04,918.78225
2014-12-05,918.78225
2014-12-09,918.78225
2014-12-10,918.78225
2014-12-11,918.78225
2014-12-12,918.78225
2014-12-15,918.78225
2014-12-16,918.78225
2014-12-17,918.78225
2014-12-18,918.78225
2014-12-19,918.78225
2014-12-22,918.78225
2014-12-23,918.78225
2014-12-24,918.78225
2014-12-26,918.78225
2014-12-29,918.78225
2014-12-30,918.78225
2014-12-31,918.78225
2015-01-02,858.675
2015-01-05,858.675
2015-01-06,858.675
2015-01-07,858.675
2015-01-08,858.675
2015-01-09,858.675
2015-01-13,858.675
2015-01-14,858.675
2015-01-15,858.675
2015-01-16,858.675
2015-01-19,858.675
2015-01-20,858.675
2015-01-21,858.675
2015-01-22,858.675
2015-01-23,858.675
2015-01-26,858.675
2015-01-27,858.675
2015-01-28,858.675
2015-01-29,858.675
2015-01-30,858.675
2015-02-02,858.675
2015-02-03,858.675
2015-02-04,915.92
2015-02-05,915.92
2015-02-06,915.92
2015-02-09,858.675
2015-02-10,858.675
2015-02-11,858.675
2015-02-12,858.675
2015-02-13,858.675
2015-02-16,858.675
2015-02-17,858.675
2015-02-18,858.675
2015-02-19,858.675
2015-02-20,858.675
2015-02-23,858.675
2015-02-24,858.675
2015-02-25,858.675
2015-02-26,858.675
2015-02-27,858.675
2015-03-02,858.675
2015-03-03,858.675
2015-03-04,858.675
2015-03-05,858.675
2015-03-06,858.675
2015-03-09,858.675
2015-03-10,858.675
2015-03-11,858.675
2015-03-12,858.675
2015-03-13,858.675
2015-03-14,858.675
2015-03-16,858.675
2015-03-17,858.675
2015-03-18,858.675
2015-03-19,858.675
2015-03-20,858.675
2015-03-21,858.675
2015-03-24,915.92
2015-03-25,915.92
2015-03-26,915.92
2015-03-27,915.92
2015-03-28,915.92
2015-03-30,915.92
2015-03-31,915.92
2015-04-01,915.92
2015-04-06,858.675
2015-04-07,858.675
2015-04-08,858.675
2015-04-09,858.675
2015-04-10,858.675
2015-04-11,858.675
2015-04-13,858.675
2015-04-14,858.675
2015-04-15,858.675
2015-04-16,858.675
2015-04-17,915.92
2015-04-18,915.92
2015-04-20,915.92
2015-04-21,915.92
2015-04-22,915.92
2015-04-23,915.92
2015-04-24,915.92
2015-04-25,915.92
2015-04-27,915.92
2015-04-28,915.92
2015-04-29,915.92
2015-04-30,915.92
2015-05-02,915.92
2015-05-04,858.675
2015-05-05,858.675
2015-05-06,858.675
2015-05-07,858.675
2015-05-08,858.675
2015-05-09,858.675
2015-05-11,858.675
2015-05-12,858.675
2015-05-13,858.675
2015-05-14,858.675
2015-05-15,858.675
2015-05-19,858.675
2015-05-20,858.675
2015-05-21,858.675
2015-05-22,858.675
2015-05-23,858.675
2015-05-25,858.675
2015-05-26,858.675
2015-05-27,858.675
2015-05-28,858.675
2015-05-29,858.675
2015-06-01,858.675
2015-06-02,858.675
2015-06-03,858.675
2015-06-04,858.675
2015-06-05,858.675
2015-06-06,858.675
2015-06-09,858.675
2015-06-10,858.675
2015-06-11,858.675
2015-06-12,858.675
2015-06-13,858.675
2015-06-16,858.675
2015-06-17,858.675
2015-06-18,858.675
2015-06-19,858.675
2015-06-22,915.92
2015-06-23,915.92
2015-06-24,915.92
2015-06-25,915.92
2015-06-26,915.92
2015-06-27,915.92
2015-06-30,1144.9
2015-07-01,1144.9
2015-07-02,1144.9
2015-07-03,1144.9
2015-07-04,1144.9
2015-07-06,1030.41
2015-07-07,1030.41
2015-07-08,1030.41
2015-07-09,1030.41
2015-07-10,1030.41
2015-07-11,1030.41
2015-07-13,1030.41
2015-07-14,1030.41
2015-07-15,1030.41
2015-07-16,1030.41
2015-07-17,1030.41
2015-07-21,1030.41
2015-07-22,1030.41
2015-07-23,1030.41
2015-07-24,1030.41
2015-07-27,1030.41
2015-07-28,1030.41
2015-07-29,1030.41
2015-07-30,1030.41
2015-07-31,1030.41
2015-08-01,1030.41
2015-08-03,1030.41
2015-08-04,1030.41
2015-08-05,1030.41
2015-08-06,1030.41
2015-08-08,1030.41
2015-08-10,1030.41
2015-08-11,1030.41
2015-08-12,1030.41
2015-08-13,1030.41
2015-08-14,1030.41
2015-08-15,1030.41
2015-08-18,1030.41
2015-08-19,1030.41
2015-08-20,1030.41
2015-08-21,1030.41
2015-08-22,1030.41
2015-08-24,1030.41
2015-08-25,1030.41
2015-08-26,1030.41
2015-08-27,1030.41
2015-08-28,1030.41
2015-08-29,1030.41
2015-09-01,1030.41
2015-09-02,1030.41
2015-09-03,1030.41
2015-09-04,1030.41
2015-09-05,1030.41
2015-09-07,1144.9
2015-09-08,1144.9
2015-09-09,1144.9
2015-09-10,1144.9
2015-09-11,1144.9
2015-09-12,1144.9
2015-09-14,1144.9
2015-09-15,1144.9
2015-09-16,1144.9
2015-09-17,1144.9
2015-09-18,1144.9
2015-09-19,1144.9
2015-09-21,1144.9
2015-09-22,1144.9
2015-09-24,1144.9
2015-09-25,1144.9
2015-09-26,1144.9
2015-09-28,1030.41
2015-09-29,1030.41
2015-09-30,1030.41
2015-10-01,1030.41
2015-10-02,1030.41
2015-10-03,1030.41
2015-10-05,1030.41
2015-10-06,1030.41
2015-10-07,1030.41
2015-10-08,1030.41
2015-10-09,1030.41
2015-10-10,1030.41
2015-10-13,1030.41
2015-10-14,1030.41
2015-10-15,1030.41
2015-10-16,1030.41
2015-10-17,1030.41
2015-10-19,915.92
2015-10-20,915.92
2015-10-21,915.92
2015-10-22,915.92
2015-10-23,915.92
2015-10-24,915.92
2015-10-26,915.92
2015-10-27,915.92
2015-10-28,915.92
2015-10-29,915.92
2015-10-30,915.92
2015-11-03,915.92
2015-11-04,915.92
2015-11-05,915.92
2015-11-06,915.92
2015-11-09,915.92
2015-11-10,915.92
2015-11-11,915.92
2015-11-12,915.92
2015-11-13,915.92
2015-11-14,915.92
2015-11-17,915.92
2015-11-18,915.92
2015-11-20,915.92
2015-11-21,915.92
2015-11-23,915.92
2015-11-24,915.92
2015-11-25,915.92
2015-11-26,915.92
2015-11-27,915.92
2015-11-30,915.92
2015-12-01,915.92
2015-12-02,915.92
2015-12-03,915.92
2015-12-04,915.92
2015-12-07,915.92
2015-12-09,915.92
2015-12-10,915.92
2015-12-11,915.92
2015-12-14,915.92
2015-12-15,915.92
2015-12-16,915.92
2015-12-17,915.92
2015-12-18,915.92
2015-12-21,915.92
2015-12-22,915.92
2015-12-23,915.92
2015-12-24,915.92
2015-12-28,915.92
2015-12-29,915.92
2015-12-30,915.92
2015-12-31,915.92
2016-01-04,856
2016-01-05,856
2016-01-06,856
2016-01-07,856
2016-01-08,856
2016-01-09,856
2016-01-12,856
2016-01-13,856
2016-01-14,856
2016-01-15,856
2016-01-16,856
2016-01-18,963
2016-01-19,963
2016-01-20,963
2016-01-21,963
2016-01-22,963
2016-01-23,963
2016-01-25,963
2016-01-26,963
2016-01-28,963
2016-01-29,963
2016-02-01,963
2016-02-02,963
2016-02-04,963
2016-02-06,963
2016-02-08,963
2016-02-09,963
2016-02-12,963
2016-02-13,963
2016-02-15,963
2016-02-16,963
2016-02-17,963
2016-02-18,963
2016-02-19,963
2016-02-22,963
2016-02-23,963
2016-02-24,963
2016-02-25,963
2016-02-26,963
2016-02-29,963
2016-03-01,963
2016-03-02,963
2016-03-03,963
2016-03-04,963
2016-03-05,963
2016-03-07,963
2016-03-08,963
2016-03-09,963
2016-03-10,963
2016-03-11,963
2016-03-14,963
2016-03-15,963
2016-03-16,963
2016-03-17,963
2016-03-18,963
2016-03-19,963
2016-03-22,963
2016-03-23,963
2016-03-28,963
2016-03-29,963
2016-03-30,963
2016-03-31,963
2016-04-01,963
2016-04-04,963
2016-04-05,963
2016-04-06,963
2016-04-07,963
2016-04-08,963
2016-04-09,963
2016-04-11,856
2016-04-12,856
2016-04-13,856
2016-04-14,856
2016-04-15,856
2016-04-18,856
2016-04-19,856
2016-04-20,856
2016-04-21,856
2016-04-22,856
2016-04-23,856
2016-04-25,856
2016-04-26,856
2016-04-27,856
2016-04-28,856
2016-04-29,856
2016-05-02,856
2016-05-03,856
2016-05-04,856
2016-05-05,856
2016-05-06,856
2016-05-07,856
2016-05-10,856
2016-05-11,856
2016-05-12,856
2016-05-13,856
2016-05-16,856
2016-05-17,856
2016-05-18,856
2016-05-19,856
2016-05-20,856
2016-05-21,856
2016-05-23,856
2016-05-24,856
2016-05-25,856
2016-05-26,856
2016-05-27,856
2016-05-31,963
2016-06-01,963
2016-06-02,963
2016-06-03,963
2016-06-04,963
2016-06-07,963
2016-06-08,963
2016-06-09,963
2016-06-10,963
2016-06-13,963
2016-06-14,963
2016-06-15,963
2016-06-16,963
2016-06-17,963
2016-06-20,963
2016-06-21,963
2016-06-22,963
2016-06-23,963
2016-06-24,963
2016-06-27,1070
2016-06-28,1070
2016-06-29,1070
2016-06-30,1070
2016-07-01,1070
2016-07-02,1070
2016-07-05,1070
2016-07-06,1070
2016-07-07,1070
2016-07-08,1070
2016-07-11,1177
2016-07-12,1177
2016-07-13,1177
2016-07-14,1177
2016-07-15,1177
2016-07-16,1177
2016-07-18,1177
2016-07-19,1177
2016-07-21,1177
2016-07-22,1177
2016-07-25,1926
2016-07-26,1926
2016-07-27,1926
2016-07-28,1926
2016-07-29,1926
2016-08-01,1498
2016-08-02,1498
2016-08-03,1498
2016-08-04,1498
2016-08-05,1498
2016-08-06,1498
2016-08-08,1391
2016-08-09,1391
2016-08-10,1391
2016-08-11,1391
2016-08-12,1391
2016-08-16,1284
2016-08-17,1284
2016-08-18,1284
2016-08-19,1284
2016-08-20,1284
2016-08-22,1284
2016-08-23,1284
2016-08-24,1284
2016-08-25,1284
2016-08-26,1284
2016-08-29,1123.5
2016-08-30,1123.5
2016-08-31,1123.5
2016-09-01,1123.5
2016-09-02,1123.5
2016-09-03,1123.5
2016-09-05,1123.5
2016-09-06,1123.5
2016-09-07,1123.5
2016-09-08,1123.5
2016-09-09,1123.5
2016-09-10,1123.5
2016-09-12,963
2016-09-13,963
2016-09-15,963
2016-09-16,963
2016-09-17,963
2016-09-19,963
2016-09-20,963
2016-09-21,963
2016-09-22,963
2016-09-23,963
2016-09-26,963
2016-09-27,963
2016-09-28,963
2016-09-29,963
2016-09-30,963
2016-10-01,963
2016-10-03,963
2016-10-04,963
2016-10-05,963
2016-10-06,963
2016-10-07,963
2016-10-10,856
2016-10-11,856
2016-10-12,856
2016-10-13,856
2016-10-14,856
2016-10-15,856
2016-10-18,856
2016-10-19,856
2016-10-20,856
2016-10-21,856
2016-10-24,856
2016-10-25,856
2016-10-26,856
2016-10-27,856
2016-10-28,856
2016-10-29,856
2016-10-31,856
2016-11-01,856
2016-11-02,856
2016-11-03,856
2016-11-04,856
2016-11-08,856
2016-11-09,856
2016-11-10,856
2016-11-11,856
2016-11-12,856
2016-11-15,856
2016-11-16,856
2016-11-17,856
2016-11-18,856
2016-11-21,856
2016-11-22,856
2016-11-23,856
2016-11-24,856
2016-11-25,856
2016-11-26,856
2016-11-28,856
2016-11-29,856
2016-11-30,856
2016-12-01,856
2016-12-02,856
2016-12-05,856
2016-12-06,856
2016-12-07,856
2016-12-09,856
2016-12-10,856
2016-12-12,856
2016-12-13,856
2016-12-14,856
2016-12-15,856
2016-12-16,856
2016-12-19,856
2016-12-20,856
2016-12-21,856
2016-12-22,856
2016-12-23,856
2016-12-24,856
2016-12-26,856
2016-12-27,856
2016-12-28,856
2016-12-29,856
2016-12-30,856
2017-01-02,800
2017-01-03,800
2017-01-04,800
2017-01-05,800
2017-01-06,800
2017-01-07,800
2017-01-10,800
2017-01-11,800
2017-01-12,800
2017-01-13,800
2017-01-14,800
2017-01-16,900
2017-01-17,900
2017-01-18,900
2017-01-19,900
2017-01-20,900
2017-01-21,900
2017-01-23,900
2017-01-25,900
2017-01-26,900
2017-01-27,900
2017-01-30,900
2017-01-31,900
2017-02-01,900
2017-02-02,900
2017-02-03,900
2017-02-06,900
2017-02-07,900
2017-02-08,900
2017-02-09,900
2017-02-10,900
2017-02-13,900
2017-02-14,900
2017-02-15,900
2017-02-16,900
2017-02-17,900
2017-02-20,900
2017-02-21,900
2017-02-22,900
2017-02-23,900
2017-02-24,900
2017-02-27,900
2017-02-28,900
2017-03-01,900
2017-03-02,900
2017-03-03,900
2017-03-07,900
2017-03-09,900
2017-03-10,900
2017-03-13,900
2017-03-14,900
2017-03-15,900
2017-03-16,900
2017-03-17,900
2017-03-18,900
2017-03-21,900
2017-03-22,900
2017-03-23,900
2017-03-24,900
2017-03-27,900
2017-03-28,900
2017-03-29,900
2017-03-30,900
2017-03-31,900
2017-04-01,900
2017-04-03,900
2017-04-04,900
2017-04-05,900
2017-04-06,900
2017-04-07,900
2017-04-10,900
2017-04-11,900
2017-04-12,900